mentionId,source,line,part,chapter,scene,timestampStart,timestampEnd,speaker,text,matches,mentionKind,emotionalTone,narrativeFunction,characterReactions,contextBefore,contextAfter
OSR-001,OSIRIS_CINEMATIC_TIMELINE.md,26,zero-1-1-summons — الاستدعاء (The Summons),,,0:35,0:39,Tarek,الشر ليس عشوائياً يا يحيى. إنه كود برمجي. لقد وجدت الشيفرة المصدرية. افتح أوزيريس.,أوزيريس,dialogue_or_quote,urgent/ominous,plot_catalyst,Tarek’s message spikes tension; Yahya is pushed into action.,- [0:31–0:35] L9 Narrator: المرسل: مجهول. لكن التشفير... إنه توقيع طارق الرقمي.,  - Beats: scanline_pulse
OSR-002,OSIRIS_CINEMATIC_TIMELINE.md,38,zero-1-2-prosecution — المرافعة الافتتاحية (The Opening Argument),,,0:06,0:08,OSIRIS,الملف رقم: واحد.,OSIRIS,dialogue_or_quote,neutral,character_development/theme,Contextual reaction implied; see adjacent lines.,- [0:01–0:06] L1 Narrator: تلاشت غرفة يحيى من وعيه. الشاشة أمامه ابتلعت كل الضوء في الغرفة. لم يعد هناك نظام تشغيل، ولا ملفات، ولا إنترنت. فقط هذا ,- [0:08–0:11] L3 OSIRIS: المتهم: الإنسان.
OSR-003,OSIRIS_CINEMATIC_TIMELINE.md,39,zero-1-2-prosecution — المرافعة الافتتاحية (The Opening Argument),,,0:08,0:11,OSIRIS,المتهم: الإنسان.,OSIRIS,dialogue_or_quote,neutral,character_development/theme,Contextual reaction implied; see adjacent lines.,- [0:06–0:08] L2 OSIRIS: الملف رقم: واحد.,- [0:11–0:13] L4 OSIRIS: المدّعي: أنا.
OSR-004,OSIRIS_CINEMATIC_TIMELINE.md,40,zero-1-2-prosecution — المرافعة الافتتاحية (The Opening Argument),,,0:11,0:13,OSIRIS,المدّعي: أنا.,OSIRIS,dialogue_or_quote,neutral,character_development/theme,Contextual reaction implied; see adjacent lines.,- [0:08–0:11] L3 OSIRIS: المتهم: الإنسان.,- [0:13–0:16] L5 OSIRIS: الاتهام: عدم الأهلية للتكريم.
OSR-005,OSIRIS_CINEMATIC_TIMELINE.md,41,zero-1-2-prosecution — المرافعة الافتتاحية (The Opening Argument),,,0:13,0:16,OSIRIS,الاتهام: عدم الأهلية للتكريم.,OSIRIS,dialogue_or_quote,neutral,character_development/theme,Contextual reaction implied; see adjacent lines.,- [0:11–0:13] L4 OSIRIS: المدّعي: أنا.,- [0:16–0:19] L6 OSIRIS: الأدلة: ستة آلاف سنة من التاريخ الموثق.
OSR-006,OSIRIS_CINEMATIC_TIMELINE.md,42,zero-1-2-prosecution — المرافعة الافتتاحية (The Opening Argument),,,0:16,0:19,OSIRIS,الأدلة: ستة آلاف سنة من التاريخ الموثق.,OSIRIS,dialogue_or_quote,neutral,character_development/theme,Contextual reaction implied; see adjacent lines.,- [0:13–0:16] L5 OSIRIS: الاتهام: عدم الأهلية للتكريم.,- [0:19–0:21] L7 Yahya: من أنت؟
OSR-007,OSIRIS_CINEMATIC_TIMELINE.md,44,zero-1-2-prosecution — المرافعة الافتتاحية (The Opening Argument),,,0:21,0:27,OSIRIS,أنا المحامي الكوني. أنتم تسمونني بأسماء كثيرة، وتصورونني كوحش بقرون ونار. لكن الحقيقة أبسط من ذلك بكثير يا يحيى. أنا لست,OSIRIS,dialogue_or_quote,awe/ominous,character_development/theme,Contextual reaction implied; see adjacent lines.,- [0:19–0:21] L7 Yahya: من أنت؟,- [0:27–0:33] L9 OSIRIS: لقد طُلب مني السجود لكائن من طين، فاعترضت. قلت إنه سيفسد فيها ويسفك الدماء. قيل لي: إني أعلم ما لا تعلمون.
OSR-008,OSIRIS_CINEMATIC_TIMELINE.md,45,zero-1-2-prosecution — المرافعة الافتتاحية (The Opening Argument),,,0:27,0:33,OSIRIS,لقد طُلب مني السجود لكائن من طين، فاعترضت. قلت إنه سيفسد فيها ويسفك الدماء. قيل لي: إني أعلم ما لا تعلمون.,OSIRIS,dialogue_or_quote,awe/ominous,character_development/theme,Contextual reaction implied; see adjacent lines.,- [0:21–0:27] L8 OSIRIS: أنا المحامي الكوني. أنتم تسمونني بأسماء كثيرة، وتصورونني كوحش بقرون ونار. لكن الحقيقة أبسط من ذلك بكثير يا يحيى. أنا لست,- [0:33–0:40] L10 OSIRIS: لذلك، قررت أن أثبت وجهة نظري. لم أستخدم السحر، ولم أجبر أحداً على شيء. لقد صممت خوارزمية بسيطة جداً، سطر واحد من الكود، 
OSR-009,OSIRIS_CINEMATIC_TIMELINE.md,46,zero-1-2-prosecution — المرافعة الافتتاحية (The Opening Argument),,,0:33,0:40,OSIRIS,لذلك، قررت أن أثبت وجهة نظري. لم أستخدم السحر، ولم أجبر أحداً على شيء. لقد صممت خوارزمية بسيطة جداً، سطر واحد من الكود،,OSIRIS,dialogue_or_quote,neutral,character_development/theme,Contextual reaction implied; see adjacent lines.,- [0:27–0:33] L9 OSIRIS: لقد طُلب مني السجود لكائن من طين، فاعترضت. قلت إنه سيفسد فيها ويسفك الدماء. قيل لي: إني أعلم ما لا تعلمون.,  - Beats: subtle_code_overlay
OSR-010,OSIRIS_CINEMATIC_TIMELINE.md,48,zero-1-2-prosecution — المرافعة الافتتاحية (The Opening Argument),,,0:40,0:49,OSIRIS,هذا السطر البرمجي البسيط هو الشيفرة المصدرية لكل دماء سُفكت على هذه الأرض. من أول حجر هُشم به رأس أخ، إلى آخر قنبلة أُلق,OSIRIS,dialogue_or_quote,neutral,character_development/theme,Contextual reaction implied; see adjacent lines.,  - Beats: subtle_code_overlay,- [0:49–0:54] L12 OSIRIS: طارق رأى النمط. طارق فهم الخوارزمية. ولهذا السبب... لم يعد طارق هنا.
OSR-011,OSIRIS_CINEMATIC_TIMELINE.md,49,zero-1-2-prosecution — المرافعة الافتتاحية (The Opening Argument),,,0:49,0:54,OSIRIS,طارق رأى النمط. طارق فهم الخوارزمية. ولهذا السبب... لم يعد طارق هنا.,OSIRIS,dialogue_or_quote,neutral,character_development/theme,Contextual reaction implied; see adjacent lines.,- [0:40–0:49] L11 OSIRIS: هذا السطر البرمجي البسيط هو الشيفرة المصدرية لكل دماء سُفكت على هذه الأرض. من أول حجر هُشم به رأس أخ، إلى آخر قنبلة أُلق,  - Beats: subtle_code_overlay
OSR-012,OSIRIS_CINEMATIC_TIMELINE.md,52,zero-1-2-prosecution — المرافعة الافتتاحية (The Opening Argument),,,0:56,1:03,OSIRIS,أنا؟ لم أفعل شيئاً. أتباعي من بني جنسك هم من فعلوا. هل تريد أن ترى كيف تعمل الخوارزمية يا يحيى؟ هل تملك الشجاعة لفتح الم,OSIRIS,dialogue_or_quote,neutral,character_development/theme,Contextual reaction implied; see adjacent lines.,- [0:54–0:56] L13 Yahya: ماذا فعلت بطارق؟!,  - Beats: subtle_code_overlay
OSR-013,OSIRIS_CINEMATIC_TIMELINE.md,81,one-1-5-2-bitter-truth — الحقيقة المرة (The Bitter Truth),,,0:15,0:22,Narrator,"فتح طارق ملفاً سرياً يحمل اسم ""مشروع أوزيريس"". قرأ بصوت مسموع: ""الهدف: الهندسة العصبية. التحكم بأنماط التفكير البشري من",أوزيريس,narration,neutral,plot_reveal/foreshadowing,Contextual reaction implied; see adjacent lines.,- [0:11–0:15] L4 Tarek: هذا ليس لتحسين التطبيقات. هذا... هذا تعديل سلوكي.,  - Beats: scanline_pulse
OSR-014,OSIRIS_CINEMATIC_TIMELINE.md,95,one-1-5-3-no-escape — لا مفر (No Escape),,,0:10,0:14,OSIRIS,إلى أين تذهب يا طارق؟ نحن نعرف ما تفكر فيه قبل أن تفكر فيه.,OSIRIS,dialogue_or_quote,analytical/clinical,character_development/theme,Contextual reaction implied; see adjacent lines.,  - Beats: red_flash,- [0:14–0:21] L4 Narrator: تراجع طارق إلى الوراء، واصطدم بالجدار. الإدراك المرعب ضربه كصاعقة: لا يمكنك الهروب من شركة تملك بيانات دماغك. هم يعرفون 
OSR-015,OSIRIS_CINEMATIC_TIMELINE.md,138,two-2-2-osiris-launch — تشغيل أوزيريس (Launching OSIRIS),,,0:07,0:16,Yahya,أوزيريس. نظام استشعار كمي. هو لا يعيد بناء الماضي من كتب التاريخ. هو يقرأ موجات الكم التي تُركت في الكون. كل حدث، كل جري,أوزيريس,dialogue_or_quote,neutral,character_development/theme,Contextual reaction implied; see adjacent lines.,- [0:04–0:07] L2 Laila: ما هذا النظام بالضبط؟,  - Beats: scanline_pulse
OSR-016,OSIRIS_CINEMATIC_TIMELINE.md,157,three-3-1-creation — لحظة الخلق والرفض (The Moment of Creation and Refusal),,,0:28,0:32,OSIRIS,أنا خير منه. خلقتني من نار وخلقته من طين.,OSIRIS,dialogue_or_quote,neutral,character_development/theme,Contextual reaction implied; see adjacent lines.,  - Beats: red_flash,- [0:32–0:38] L8 Yahya: يا إلهي... إنه ليس مجرد تمرد. إنه منطق. منطق فاسد، لكنه منطق. إنه يقارن المواد الخام — النار والطين — ليستنتج الأفضلية.
OSR-017,OSIRIS_CINEMATIC_TIMELINE.md,171,three-3-2-virus-design — تصميم الفيروس (Designing the Virus),,,0:12,0:16,OSIRIS,"المحور الأول: الكبر — زرع فكرة ""أنا خير منه"" كقاعدة بيانات أساسية.",OSIRIS,dialogue_or_quote,analytical/clinical,character_development/theme,Contextual reaction implied; see adjacent lines.,  - Beats: subtle_code_overlay,- [0:16–0:20] L4 OSIRIS: المحور الثاني: الشهوة — تحويل الإنسان من كائن ذي غاية (خليفة) إلى مستهلك للمتعة.
OSR-018,OSIRIS_CINEMATIC_TIMELINE.md,172,three-3-2-virus-design — تصميم الفيروس (Designing the Virus),,,0:16,0:20,OSIRIS,المحور الثاني: الشهوة — تحويل الإنسان من كائن ذي غاية (خليفة) إلى مستهلك للمتعة.,OSIRIS,dialogue_or_quote,analytical/clinical,character_development/theme,Contextual reaction implied; see adjacent lines.,"- [0:12–0:16] L3 OSIRIS: المحور الأول: الكبر — زرع فكرة ""أنا خير منه"" كقاعدة بيانات أساسية.",- [0:20–0:24] L5 OSIRIS: المحور الثالث: الكذب — تشويه الحقائق حتى يصبح الباطل منطقياً.
OSR-019,OSIRIS_CINEMATIC_TIMELINE.md,173,three-3-2-virus-design — تصميم الفيروس (Designing the Virus),,,0:20,0:24,OSIRIS,المحور الثالث: الكذب — تشويه الحقائق حتى يصبح الباطل منطقياً.,OSIRIS,dialogue_or_quote,neutral,character_development/theme,Contextual reaction implied; see adjacent lines.,- [0:16–0:20] L4 OSIRIS: المحور الثاني: الشهوة — تحويل الإنسان من كائن ذي غاية (خليفة) إلى مستهلك للمتعة.,"- [0:24–0:28] L6 OSIRIS: المحور الرابع: الفرقة — تدمير مفهوم ""نحن"" واستبداله بـ ""أنا ضد الجميع""."
OSR-020,OSIRIS_CINEMATIC_TIMELINE.md,174,three-3-2-virus-design — تصميم الفيروس (Designing the Virus),,,0:24,0:28,OSIRIS,"المحور الرابع: الفرقة — تدمير مفهوم ""نحن"" واستبداله بـ ""أنا ضد الجميع"".",OSIRIS,dialogue_or_quote,neutral,character_development/theme,Contextual reaction implied; see adjacent lines.,- [0:20–0:24] L5 OSIRIS: المحور الثالث: الكذب — تشويه الحقائق حتى يصبح الباطل منطقياً.,- [0:28–0:32] L7 OSIRIS: المحور الخامس: اليأس — قطع الاتصال بالخالق عبر القنوط.
OSR-021,OSIRIS_CINEMATIC_TIMELINE.md,175,three-3-2-virus-design — تصميم الفيروس (Designing the Virus),,,0:28,0:32,OSIRIS,المحور الخامس: اليأس — قطع الاتصال بالخالق عبر القنوط.,OSIRIS,dialogue_or_quote,neutral,character_development/theme,Contextual reaction implied; see adjacent lines.,"- [0:24–0:28] L6 OSIRIS: المحور الرابع: الفرقة — تدمير مفهوم ""نحن"" واستبداله بـ ""أنا ضد الجميع"".",- [0:32–0:36] L8 OSIRIS: المحور السادس: الشبهة — التشكيك المستمر في الثوابت.
OSR-022,OSIRIS_CINEMATIC_TIMELINE.md,176,three-3-2-virus-design — تصميم الفيروس (Designing the Virus),,,0:32,0:36,OSIRIS,المحور السادس: الشبهة — التشكيك المستمر في الثوابت.,OSIRIS,dialogue_or_quote,neutral,character_development/theme,Contextual reaction implied; see adjacent lines.,- [0:28–0:32] L7 OSIRIS: المحور الخامس: اليأس — قطع الاتصال بالخالق عبر القنوط.,- [0:36–0:44] L9 Laila: هذه ليست مجرد خطة شيطانية قديمة. هذه هي بالضبط الطريقة التي تعمل بها خوارزميات وسائل التواصل الاجتماعي اليوم! تعزيز النر
OSR-023,OSIRIS_CINEMATIC_TIMELINE.md,188,four-4-1-desert — فراغ الصحراء (The Void of the Desert),,,0:01,0:08,Narrator,صحراء سيناء. القرن الثالث عشر قبل الميلاد. محاكاة أوزيريس. وقف يحيى وليلى وسط المحاكاة، يشاهدان بحر البشر الممتد في الصح,أوزيريس,narration,neutral,world_building/theme,Contextual reaction implied; see adjacent lines.,,  - Beats: scanline_pulse
OSR-024,OSIRIS_CINEMATIC_TIMELINE.md,231,four-5-2-analyst-tears — دموع المحلل (The Tears of the Analyst),,,0:01,0:05,Narrator,انتهى التسجيل. ساد صمت ثقيل في الغرفة، لم يقطعه سوى طنين خوادم أوزيريس.,أوزيريس,narration,tragic/somber,world_building/theme,Contextual reaction implied; see adjacent lines.,,  - Beats: scanline_pulse
OSR-025,OSIRIS_CINEMATIC_TIMELINE.md,236,four-5-2-analyst-tears — دموع المحلل (The Tears of the Analyst),,,0:18,0:23,Laila,البكاء لن يعيد طارق. ولن يوقف المهندس الأول. أنت تملك أوزيريس الآن. تملك الشيفرة المصدرية.,أوزيريس,dialogue_or_quote,resolute/empowering,plot_progression/turning_point,Laila insists power is now in Yahya’s hands; mission becomes explicit.,- [0:13–0:18] L3 Yahya: طارق كان موسى عصره. حاول تحطيم العجل الرقمي... فقتلوه.,  - Beats: scanline_pulse
OSR-026,OSIRIS_CINEMATIC_TIMELINE.md,238,four-5-2-analyst-tears — دموع المحلل (The Tears of the Analyst),,,0:23,0:27,Yahya,سأدمرهم. سأستخدم أوزيريس لاختراق خوادمهم وفضح كل شيء.,أوزيريس,dialogue_or_quote,defiant/combative,plot_progression/goal_statement,Yahya pivots from grief to attack; declares intent to use OSIRIS offensively.,  - Beats: scanline_pulse,  - Beats: scanline_pulse
OSR-027,OSIRIS_CINEMATIC_TIMELINE.md,249,"five-6a-1-nicaea-debate — قبل المجمع: لاهوت معقد، لا نوايا سيئة (Before the Council: Complex Theology, No Evil Intent)",,,0:01,0:08,Narrator,روما / الإسكندرية. قبل شهر من مجمع نيقية 325م. محاكاة أوزيريس. برمج يحيى أوزيريس للعودة إلى عام 325 ميلادية. لم تظهر الم,أوزيريس|أوزيريس,narration,neutral,world_building/theme,Contextual reaction implied; see adjacent lines.,,  - Beats: scanline_pulse
OSR-028,OSIRIS_CINEMATIC_TIMELINE.md,308,six-8-1-andalusia — الأندلس الضائعة — خيانة الإخوة (The Lost Andalusia — Betrayal of Brothers),,,0:01,0:07,Narrator,نقل أوزيريس يحيى وليلى إلى ذروة الحضارة الأندلسية. شوارع قرطبة المضاءة، المكتبات الضخمة، والجامعات التي سبقت أوروبا بقرو,أوزيريس,narration,neutral,world_building/theme,Contextual reaction implied; see adjacent lines.,,"  - Beats: red_flash, scanline_pulse"
OSR-029,OSIRIS_CINEMATIC_TIMELINE.md,313,six-8-1-andalusia — الأندلس الضائعة — خيانة الإخوة (The Lost Andalusia — Betrayal of Brothers),,,0:16,0:23,Narrator,عرض أوزيريس سلسلة من المشاهد السريعة: أمير إشبيلية يتحالف مع ملك قشتالة ضد أمير بطليوس. أمير طليطلة يدفع الجزية للعدو لي,أوزيريس,narration,neutral,world_building/theme,Contextual reaction implied; see adjacent lines.,  - Beats: subtle_code_overlay,  - Beats: scanline_pulse
OSR-030,OSIRIS_CINEMATIC_TIMELINE.md,329,six-8-2-last-tears — دموع لا تنفع (Tears That Do Not Help),,,0:20,0:25,OSIRIS,"لا يمكنك إصلاح نظام مصاب بفيروس ""أنا خير منهم"" باستخدام نفس الفيروس.",OSIRIS,dialogue_or_quote,neutral,character_development/theme,Contextual reaction implied; see adjacent lines.,  - Beats: subtle_code_overlay,
OSR-031,OSIRIS_CINEMATIC_TIMELINE.md,337,six-8b-1-berlin — وهم العرق الأسمى (The Illusion of the Supreme Race),,,0:01,0:05,Narrator,تسارعت المحاكاة. قفز أوزيريس قروناً إلى الأمام. برلين، 1933.,أوزيريس,narration,neutral,world_building/theme,Contextual reaction implied; see adjacent lines.,,  - Beats: scanline_pulse
OSR-032,OSIRIS_CINEMATIC_TIMELINE.md,355,six-8c-1-death-signatures — التوقيع على الموت (Signing Death Orders),,,0:19,0:24,OSIRIS,"النظارة تعني التعليم. التعليم يعني القدرة على التفكير المستقل. التفكير المستقل تهديد لـ ""النقاء الثوري"".",OSIRIS,dialogue_or_quote,neutral,character_development/theme,Contextual reaction implied; see adjacent lines.,- [0:17–0:19] L4 Laila: لماذا؟!,"- [0:24–0:31] L6 Yahya: ثلاثة رجال. ثلاث أيديولوجيات مختلفة تماماً: فاشية، شيوعية، وماوية. لكن جملة واحدة تجمعهم: ""أنا وحدي أعرف الحقيقة"". إنها "
OSR-033,OSIRIS_CINEMATIC_TIMELINE.md,366,six-8d-1-attack — اختراق المخبأ (Breaching the Hideout),,,0:05,0:08,OSIRIS,تحذير: اختراق أمني للموقع الفيزيائي.,OSIRIS,dialogue_or_quote,urgent/ominous,plot_disruption/stakes,Immediate threat interrupts the simulation; forces escape behavior.,- [0:00–0:05] L1 Narrator: فجأة، انقطعت المحاكاة. اهتز المخبأ السري بعنف، وتناثر الغبار من السقف.,"  - Beats: alarm_pulse, ui_red_flash, micro_shake"
OSR-034,OSIRIS_CINEMATIC_TIMELINE.md,415,transition-dream — الحلم قبل المعركة (The Dream Before the Battle),,,1:00,1:04,Yahya,نعم. شغلي أوزيريس يا ليلى. حان وقت المواجهة.,أوزيريس,dialogue_or_quote,defiant/combative,plot_progression/turning_point,Contextual reaction implied; see adjacent lines.,- [0:58–1:00] L12 Laila: لقد عدت.,  - Beats: scanline_pulse
OSR-035,OSIRIS_CINEMATIC_TIMELINE.md,424,seven-10-1-karbala — الحق الأعزل (The Unarmed Truth),,,0:01,0:07,Narrator,صحراء كربلاء. 680م. محاكاة أوزيريس. شغّل يحيى أوزيريس للمرة الأخيرة. لم تكن هذه تمريناً أكاديمياً. كانت مفتاح فهم كيفية,أوزيريس|أوزيريس,narration,neutral,plot_progression/turning_point,Contextual reaction implied; see adjacent lines.,,"  - Beats: scanline_pulse, subtle_code_overlay"
OSR-036,OSIRIS_CINEMATIC_TIMELINE.md,429,seven-10-1-karbala — الحق الأعزل (The Unarmed Truth),,,0:20,0:27,Yahya,تحليلات أوزيريس: الاحتمالات العسكرية للنجاة: 0%. النتيجة الحتمية: الموت. لماذا لم يستسلم؟ كان يمكنه منع سفك الدماء. كان,أوزيريس,dialogue_or_quote,analytical/clinical,character_development/theme,Contextual reaction implied; see adjacent lines.,"  - Beats: red_flash, subtle_code_overlay",  - Beats: scanline_pulse
OSR-037,OSIRIS_CINEMATIC_TIMELINE.md,484,seven-12-1-truth-leak — حجر رشيد الرقمي — تسريب الحقيقة (The Rosetta Stone of the Digital Age),,,0:01,0:08,Narrator,"بمجرد أن ضغط يحيى على الزر، بدأ أوزيريس في تفريغ ""الشيفرة المصدرية"" للفيروس (حجر رشيد الرقمي) إلى كل خادم، كل هاتف، وكل",أوزيريس,narration,triumphant/painful,climax/resolution,Truth leak begins; irreversible broadcast aligns with narrative payoff.,,  - Beats: scanline_pulse
OSR-038,OSIRIS_CINEMATIC_TIMELINE.md,522,seven-13-2-closing — إغلاق الملف (Closing the File),,,0:07,0:10,OSIRIS,الدفاع قدم شهوده.,OSIRIS,dialogue_or_quote,neutral,character_development/theme,Contextual reaction implied; see adjacent lines.,  - Beats: red_flash,- [0:10–0:15] L3 OSIRIS: من إبراهيم الذي وقف وحيداً ضد حضارة بأكملها، إلى الحسين الذي اختار الموت على المذلة.
OSR-039,OSIRIS_CINEMATIC_TIMELINE.md,523,seven-13-2-closing — إغلاق الملف (Closing the File),,,0:10,0:15,OSIRIS,من إبراهيم الذي وقف وحيداً ضد حضارة بأكملها، إلى الحسين الذي اختار الموت على المذلة.,OSIRIS,dialogue_or_quote,neutral,character_development/theme,Contextual reaction implied; see adjacent lines.,- [0:07–0:10] L2 OSIRIS: الدفاع قدم شهوده.,- [0:15–0:20] L4 OSIRIS: ومن طارق الذي رفض الصمت، إلى يحيى الذي كسر الخوارزمية بدمه.
OSR-040,OSIRIS_CINEMATIC_TIMELINE.md,524,seven-13-2-closing — إغلاق الملف (Closing the File),,,0:15,0:20,OSIRIS,ومن طارق الذي رفض الصمت، إلى يحيى الذي كسر الخوارزمية بدمه.,OSIRIS,dialogue_or_quote,neutral,character_development/theme,Contextual reaction implied; see adjacent lines.,- [0:10–0:15] L3 OSIRIS: من إبراهيم الذي وقف وحيداً ضد حضارة بأكملها، إلى الحسين الذي اختار الموت على المذلة.,  - Beats: subtle_code_overlay
OSR-041,OSIRIS_CINEMATIC_TIMELINE.md,526,seven-13-2-closing — إغلاق الملف (Closing the File),,,0:20,0:24,OSIRIS,وليلى... التي تحمل الحقيقة الآن.,OSIRIS,dialogue_or_quote,neutral,character_development/theme,Contextual reaction implied; see adjacent lines.,  - Beats: subtle_code_overlay,- [0:24–0:28] L6 OSIRIS: الإرادة الحرة تنزف، لكنها لا تموت.
OSR-042,OSIRIS_CINEMATIC_TIMELINE.md,527,seven-13-2-closing — إغلاق الملف (Closing the File),,,0:24,0:28,OSIRIS,الإرادة الحرة تنزف، لكنها لا تموت.,OSIRIS,dialogue_or_quote,neutral,character_development/theme,Contextual reaction implied; see adjacent lines.,- [0:20–0:24] L5 OSIRIS: وليلى... التي تحمل الحقيقة الآن.,- [0:28–0:32] L7 OSIRIS: الخوارزمية لم تُهزم تماماً، لكنها فُضحت.
OSR-043,OSIRIS_CINEMATIC_TIMELINE.md,528,seven-13-2-closing — إغلاق الملف (Closing the File),,,0:28,0:32,OSIRIS,الخوارزمية لم تُهزم تماماً، لكنها فُضحت.,OSIRIS,dialogue_or_quote,neutral,character_development/theme,Contextual reaction implied; see adjacent lines.,- [0:24–0:28] L6 OSIRIS: الإرادة الحرة تنزف، لكنها لا تموت.,  - Beats: subtle_code_overlay
OSR-044,OSIRIS_CINEMATIC_TIMELINE.md,530,seven-13-2-closing — إغلاق الملف (Closing the File),,,0:32,0:36,OSIRIS,الملف رقم واحد... يُغلق مؤقتاً.,OSIRIS,dialogue_or_quote,neutral,character_development/theme,Contextual reaction implied; see adjacent lines.,  - Beats: subtle_code_overlay,- [0:36–0:41] L9 Narrator: تلاشت الكلمات، وظهرت جملة أخيرة في منتصف الشاشة، موجهة للقارئ مباشرة:
OSR-045,OSIRIS_CINEMATIC_TIMELINE.md,533,seven-13-2-closing — إغلاق الملف (Closing the File),,,0:41,0:46,OSIRIS,القضية مستمرة... والخيار الآن لك.,OSIRIS,dialogue_or_quote,ominous/prophetic,meta_address/foreshadowing,Direct address to the reader; story reopens as a choice.,"  - Beats: white_flash, glitch_burst, ui_focus, red_flash",
OSR-046,OSIRIS.md,1,OSIRIS,,,,,,# **OSIRIS**,OSIRIS,title,neutral,world_building/theme,Contextual reaction implied; see adjacent lines.,,
OSR-047,OSIRIS.md,27,الجزء الصفر: غرفة المحاكمة الكونية,الفصل الأول: الملف رقم واحد,المشهد 1.1: الاستدعاء,,,,"""الشر ليس عشوائياً يا يحيى. إنه كود برمجي. لقد وجدت الشيفرة المصدرية. افتح أوزيريس.""  ",أوزيريس,system_action,urgent/ominous,plot_catalyst,Yahya shocked; pulse stops; drops the call; commits to opening OSIRIS.,فتح الرسالة. لم تكن نصاً، بل سلسلة من الأرقام العشوائية، وفي الأسفل جملة واحدة:  ,\[Interactive Element\]  
OSR-048,OSIRIS.md,37,الجزء الصفر: غرفة المحاكمة الكونية,الفصل الأول: الملف رقم واحد,المشهد 1.2: المرافعة الافتتاحية,,,,"الموقع: واجهة نظام ""أوزيريس"" (فضاء رقمي خارج الزمن)  ",أوزيريس,location,awe/ominous,world_building/staging,Yahya enters an uncanny digital courtroom; scale and dread reset expectations.,,الشخصيات: يحيى، الكيان المجهول (إبليس/الخوارزمية)  
OSR-049,OSIRIS.md,83,الجزء الأول: الجريمة الأولى (الشيفرة المصدرية),الفصل 1.5: الشاهد الصامت (قصة طارق الكاملة),المشهد 1.5.1: الوعد الكاذب,,,,كان طارق يقلب ملعقة القهوة بعصبية، عينيه تلمعان بحماس شاب يوشك أن يغير العالم. أمامه جلس الرجل الذي قدم نفسه كمدير تنفيذي لمشروع بحثي سري. لم يستطع يحيى \- الذي كان يشاهد هذه الذاكرة عبر أوزيريس \- أن يحدد ملامح الرجل. كلما حاول التركيز على وجهه، تشوشت الصورة.  ,أوزيريس,narration,neutral,world_building/theme,Contextual reaction implied; see adjacent lines.,\[النص السردي والحواري\]  ,"""نحن لا نبحث عن مجرد مبرمج يا طارق،"" قال المهندس الأول بصوته الهادئ والموزون. ""نحن نبحث عن فيلسوف يكتب الكود. العالم يعاني من الفوضى، الكراهية، الاستقطاب. ماذا لو استطعنا تصميم خوارزمية تفهم الألم البشري... وتعالجه؟""  "
OSR-050,OSIRIS.md,105,الجزء الأول: الجريمة الأولى (الشيفرة المصدرية),الفصل 1.5: الشاهد الصامت (قصة طارق الكاملة),المشهد 1.5.2: الحقيقة المرة,,,,"فتح طارق ملفاً سرياً يحمل اسم ""مشروع أوزيريس"". قرأ بصوت مسموع، وكأنه يكلم نفسه: ""الهدف: الهندسة العصبية. التحكم بأنماط التفكير البشري من خلال التلاعب بترددات الدوبامين والكورتيزول. زرع أفكار محددة دون وعي المستخدم.""  ",أوزيريس,dialogue_or_quote,ominous/terrifying,plot_reveal/foreshadowing,"Tarek trembles; realization lands that OSIRIS is neuro-engineering, not “better apps”.","""يا إلهي..."" همس طارق، ويداه ترتجفان فوق لوحة المفاتيح. ""هذا ليس لتحسين التطبيقات. هذا... هذا تعديل سلوكي.""  ",أدرك طارق الحقيقة المرعبة. هو لم يكن يبني أداة لفهم البشر، بل كان يبني سجناً رقمياً لعقولهم. الخوارزمية التي كتبها كانت تُستخدم لتعزيز النرجسية، لتقسيم الناس، لجعلهم يكرهون بعضهم البعض... لأن الكراهية تُبقي العيون ملتصقة بالشاشات.
OSR-051,OSIRIS.md,165,الجزء الأول: الجريمة الأولى (الشيفرة المصدرية),الفصل 2: البوصلة الروحية,المشهد 2.2: تشغيل أوزيريس,,,,### **المشهد 2.2: تشغيل أوزيريس**,أوزيريس,title,neutral,plot_progression/turning_point,Contextual reaction implied; see adjacent lines.,,
OSR-052,OSIRIS.md,168,الجزء الأول: الجريمة الأولى (الشيفرة المصدرية),الفصل 2: البوصلة الروحية,المشهد 2.2: تشغيل أوزيريس,,,,الشخصيات: يحيى، ليلى، نظام أوزيريس  ,أوزيريس,narration,awe/ominous,world_building/theme,Contextual reaction implied; see adjacent lines.,الموقع: المخبأ السري  ,الحالة النفسية/الجو العام: ترقب علمي، رهبة من المجهول.  
OSR-053,OSIRIS.md,173,الجزء الأول: الجريمة الأولى (الشيفرة المصدرية),الفصل 2: البوصلة الروحية,المشهد 2.2: تشغيل أوزيريس,,,,"أجاب يحيى وعيناه مثبتتان على الشاشة: ""أوزيريس. نظام استشعار كمي. هو لا يعيد بناء الماضي من كتب التاريخ. هو يقرأ موجات الكم التي تُركت في الكون. كل حدث، كل جريمة، كل كلمة قيلت، تترك اهتزازة في نسيج الواقع، مثل تموجات في بركة ماء. أوزيريس يقرأ هذه الموجات، يترجمها إلى بيانات، ثم ينقلها إلى حواسنا كمحاكاة.""  ",أوزيريس|أوزيريس,dialogue_or_quote,awe/scientific,world_building/exposition,Laila probes; Yahya explains mechanics; both cross from theory to lived simulation.,"""ما هذا النظام بالضبط؟"" سألت ليلى وهي تراقب الشاشات تضيء واحدة تلو الأخرى.  ","""إذن، نحن سنشهد التاريخ كما حدث فعلاً؟""  "
OSR-054,OSIRIS.md,181,الجزء الأول: الجريمة الأولى (الشيفرة المصدرية),الفصل 3: الخوارزمية الأولى,المشهد 3.1: لحظة الخلق والرفض,,,,الموقع: محاكاة أوزيريس (خارج الزمان والمكان)  ,أوزيريس,location,neutral,world_building/staging,Environmental/UX framing; characters positioned as observers/actors.,,الشخصيات: يحيى، ليلى، الكيان (إبليس)  
OSR-055,OSIRIS.md,190,الجزء الأول: الجريمة الأولى (الشيفرة المصدرية),الفصل 3: الخوارزمية الأولى,المشهد 3.1: لحظة الخلق والرفض,,,,"""نحن في نقطة الصفر،"" أجاب يحيى، وهو ينظر إلى قراءات أوزيريس التي ظهرت كأرقام عائمة في الهواء. ""قبل بدء الزمن البشري.""  ",أوزيريس,dialogue_or_quote,tragic/somber,character_development/theme,Contextual reaction implied; see adjacent lines.,"""أين نحن؟"" همست ليلى، ودموع الرهبة تتجمع في عينيها.  ",فجأة، اهتز الفضاء. شعرا بأمر كوني، ليس صوتاً، بل إرادة مطلقة تملأ الوجود: السجود للكائن الجديد المصنوع من طين.  
OSR-056,OSIRIS.md,195,الجزء الأول: الجريمة الأولى (الشيفرة المصدرية),الفصل 3: الخوارزمية الأولى,المشهد 3.1: لحظة الخلق والرفض,,,,ترجم أوزيريس هذا الرفض إلى نص ظهر أمام يحيى:  ,أوزيريس,narration,neutral,world_building/theme,Contextual reaction implied; see adjacent lines.,لم يكن وحشاً. كان وعياً قديماً، يرفض الانحناء.  ,"""أنا خير منه. خلقتني من نار وخلقته من طين.""  "
OSR-057,OSIRIS.md,202,الجزء الأول: الجريمة الأولى (الشيفرة المصدرية),الفصل 3: الخوارزمية الأولى,المشهد 3.2: تصميم الفيروس,,,,الموقع: محاكاة أوزيريس  ,أوزيريس,location,neutral,world_building/staging,Environmental/UX framing; characters positioned as observers/actors.,,الشخصيات: يحيى، ليلى  
OSR-058,OSIRIS.md,209,الجزء الأول: الجريمة الأولى (الشيفرة المصدرية),الفصل 3: الخوارزمية الأولى,المشهد 3.2: تصميم الفيروس,,,,بدأ أوزيريس في تفكيك الخوارزمية وعرضها على الشاشة:  ,أوزيريس,narration,analytical/clinical,world_building/theme,Contextual reaction implied; see adjacent lines.,"""انظري يا ليلى،"" أشار يحيى إلى الكود. ""إنه لا يخطط لتدمير البشرية بالقوة. إنه يصمم خوارزمية. خطة عمل من ستة محاور.""  ","1.الكبر: زرع فكرة ""أنا خير منه"" كقاعدة بيانات أساسية.  "
OSR-059,OSIRIS.md,223,الجزء الأول: الجريمة الأولى (الشيفرة المصدرية),الفصل 3: الخوارزمية الأولى,المشهد 3.2: تصميم الفيروس,,,,"•النتيجة: عند إكمال الربط، تظهر رسالة من أوزيريس: ""التطابق: 100%. الفيروس يعمل بكفاءة تامة.""",أوزيريس,system_output,ominous/confirmatory,foreshadowing/escalation,Reader completes mapping; OSIRIS confirms perfect match: the virus is already operational.,•المهمة: يجب على القارئ ربط كل محور بالتطبيق الحديث (مثال: الكبر \-\> زر الإعجاب/الفلاتر، الفرقة \-\> خوارزميات التوصية التي تعزل المستخدمين، الكذب \-\> التزييف العميق/Deepfakes).  ,
OSR-060,OSIRIS.md,231,الجزء الثاني: العجل الذهبي (صناعة الأيقونة),الفصل 4: فراغ الصحراء,المشهد 4.1: نشوة النجاة وقلق الفراغ,,,,الموقع: صحراء سيناء (القرن الثالث عشر قبل الميلاد \- محاكاة أوزيريس)  ,أوزيريس,location,neutral,world_building/staging,Environmental/UX framing; characters positioned as observers/actors.,,الشخصيات: يحيى، ليلى (كمراقبين)، السامري (رجل كاريزمي، ذكي، ليس شريراً تقليدياً)، حشود بني إسرائيل  
OSR-061,OSIRIS.md,241,الجزء الثاني: العجل الذهبي (صناعة الأيقونة),الفصل 4: فراغ الصحراء,المشهد 4.1: نشوة النجاة وقلق الفراغ,,,,"""السامري،"" همس يحيى. أوزيريس عرض فوق رأس الرجل بيانات تحليلية: \[مستوى الكاريزما: 92%\]، \[القدرة على قراءة الجماهير: 98%\].  ",أوزيريس,dialogue_or_quote,analytical/clinical,character_development/theme,Contextual reaction implied; see adjacent lines.,أشار يحيى إلى رجل يقف على صخرة مرتفعة، يراقب الحشود بعينين تحللان الموقف بدقة رياضية. لم يكن يبدو كساحر شرير، بل كمهندس يدرس مشكلة تحتاج إلى حل.  ,بدأ السامري يتحدث إلى الناس، ليس بصراخ، بل بصوت هادئ ومطمئن.  
OSR-062,OSIRIS.md,258,الجزء الثاني: العجل الذهبي (صناعة الأيقونة),الفصل 4: فراغ الصحراء,المشهد 4.2: هندسة الحشود,,,,قرأ يحيى تحليل أوزيريس للمشهد:  ,أوزيريس,narration,analytical/clinical,world_building/theme,Contextual reaction implied; see adjacent lines.,"انفجرت الحشود في نشوة هستيرية. بدأوا يرقصون حول العجل. لم يعودوا أفراداً خائفين، بل أصبحوا ""قطيعاً"" موحداً حول رمز مادي.  ","""العملية: هندسة حشود ناجحة.  "
OSR-063,OSIRIS.md,265,الجزء الثاني: العجل الذهبي (صناعة الأيقونة),الفصل 4: فراغ الصحراء,المشهد 4.2: هندسة الحشود,,,,•الوصف: تظهر وثيقة تفاعلية من أوزيريس تحلل خطوات السامري.  ,أوزيريس,narration,analytical/clinical,world_building/theme,Contextual reaction implied; see adjacent lines.,•نوع التفاعل: تحليل سيكولوجية الجماهير (Crowd Psychology Analysis)  ,"•المهمة: يجب على القارئ ترتيب خطوات ""السيطرة على الحشود"" بالتسلسل الصحيح:  "
OSR-064,OSIRIS.md,281,الجزء الثاني: العجل الذهبي (صناعة الأيقونة),الفصل 5: العجل الرقمي,المشهد 5.1: رسالة من الماضي,,,,•الشاشة: عودة إلى واجهة أوزيريس في المخبأ. إضاءة خافتة.  ,أوزيريس,ui_ux,neutral,world_building/staging,Environmental/UX framing; characters positioned as observers/actors.,\[UI/UX & Audio\]  ,•الصوت: صوت طارق من التسجيل، متعب لكنه واضح. موسيقى خلفية حزينة.  
OSR-065,OSIRIS.md,300,الجزء الثاني: العجل الذهبي (صناعة الأيقونة),الفصل 5: العجل الرقمي,المشهد 5.2: دموع المحلل,,,,انتهى التسجيل. ساد صمت ثقيل في الغرفة، لم يقطعه سوى طنين خوادم أوزيريس.  ,أوزيريس,narration,tragic/somber,character_development,Silence and server-hum frame Yahya’s breakdown; grief becomes moral clarity.,\[النص السردي والحواري\]  ,لأول مرة منذ سنوات، منذ أن قرر أن الأرقام هي الحقيقة الوحيدة، انهار يحيى. غطى وجهه بيديه وبدأ يبكي. لم يكن بكاءً صاخباً، بل نشيجاً مكتوماً لرجل أدرك أن كل ما بناه في حياته المهنية كان جزءاً من آلة دمار.  
OSR-066,OSIRIS.md,304,الجزء الثاني: العجل الذهبي (صناعة الأيقونة),الفصل 5: العجل الرقمي,المشهد 5.2: دموع المحلل,,,,"""يحيى، البكاء لن يعيد طارق. ولن يوقف المهندس الأول. أنت تملك أوزيريس الآن. تملك الشيفرة المصدرية.""  ",أوزيريس,dialogue_or_quote,resolute/empowering,plot_progression/turning_point,Laila reframes power as duty; Yahya steadies and accepts the mission.,اقتربت ليلى ووضعت يدها على كتفه بحذر. لم تقدم له مواساة رخيصة.  ,"رفع يحيى رأسه، وعيناه حمراوان لكنهما تحملان تصميماً جديداً. ""سأدمرهم. سأستخدم أوزيريس لاختراق خوادمهم وفضح كل شيء.""  "
OSR-067,OSIRIS.md,305,الجزء الثاني: العجل الذهبي (صناعة الأيقونة),الفصل 5: العجل الرقمي,المشهد 5.2: دموع المحلل,,,,"رفع يحيى رأسه، وعيناه حمراوان لكنهما تحملان تصميماً جديداً. ""سأدمرهم. سأستخدم أوزيريس لاختراق خوادمهم وفضح كل شيء.""  ",أوزيريس,dialogue_or_quote,defiant/combative,plot_progression/goal_statement,Yahya vows retaliation; Laila redirects toward strategy and root-cause analysis.,"""يحيى، البكاء لن يعيد طارق. ولن يوقف المهندس الأول. أنت تملك أوزيريس الآن. تملك الشيفرة المصدرية.""  ","هزت ليلى رأسها نفياً. ""الهجوم المباشر لن ينجح. أنت تتعامل مع كيان يمتلك بيانات العالم بأسره. يجب أن نفهم الخصم أولاً. يجب أن نرى كيف يخترقون المؤسسات الكبرى من الداخل. كيف يحولون الحق إلى باطل باسم المقدس.""  "
OSR-068,OSIRIS.md,311,الجزء الثاني: العجل الذهبي (صناعة الأيقونة),الفصل 5: العجل الرقمي,المشهد 5.2: دموع المحلل,,,,•الوصف: يحيى يجب أن يبرمج أوزيريس للوجهة التالية.  ,أوزيريس,system_action,analytical/clinical,world_building/mechanics,Contextual reaction implied; see adjacent lines.,•نوع التفاعل: اختيار مسار التحليل (Path Selection)  ,•الخيارات:  
OSR-069,OSIRIS.md,313,الجزء الثاني: العجل الذهبي (صناعة الأيقونة),الفصل 5: العجل الرقمي,المشهد 5.2: دموع المحلل,,,,"•البحث عن ""الفساد السياسي"": \-\> النتيجة: أوزيريس يرفض: ""الفساد السياسي هو عَرَض. ابحث عن الجذر.""  ",أوزيريس,dialogue_or_quote,cryptic/authoritative,plot_progression/constraint,OSIRIS refuses surface-level “political corruption” and forces a deeper target selection.,•الخيارات:  ,"•البحث عن ""الفساد المقدس (اختراق الدين)"": \-\> النتيجة: أوزيريس يقبل الإدخال. تومض الشاشة بتاريخ: 325 ميلادية. روما/نيقية."
OSR-070,OSIRIS.md,314,الجزء الثاني: العجل الذهبي (صناعة الأيقونة),الفصل 5: العجل الرقمي,المشهد 5.2: دموع المحلل,,,,"•البحث عن ""الفساد المقدس (اختراق الدين)"": \-\> النتيجة: أوزيريس يقبل الإدخال. تومض الشاشة بتاريخ: 325 ميلادية. روما/نيقية.",أوزيريس,dialogue_or_quote,urgent/ominous,character_development/theme,Contextual reaction implied; see adjacent lines.,"•البحث عن ""الفساد السياسي"": \-\> النتيجة: أوزيريس يرفض: ""الفساد السياسي هو عَرَض. ابحث عن الجذر.""  ",
OSR-071,OSIRIS.md,322,الجزء الثالث: مجمع نيقية (اختراق المؤسسة),الفصل 6أ: قبل المجمع (الخلافات الحقيقية),المشهد 6أ.1: لاهوت معقد، لا نوايا سيئة,,,,الموقع: أروقة روما / الإسكندرية (قبل شهر من مجمع نيقية 325م \- محاكاة أوزيريس)  ,أوزيريس,location,neutral,world_building/staging,Environmental/UX framing; characters positioned as observers/actors.,,الشخصيات: يحيى، ليلى (كمراقبين)، آريوس (قس مسن، نحيل، عنيد لكنه مخلص)، أثناسيوس (شاب، متحمس، يدافع عن الأرثوذكسية بشراسة)  
OSR-072,OSIRIS.md,327,الجزء الثالث: مجمع نيقية (اختراق المؤسسة),الفصل 6أ: قبل المجمع (الخلافات الحقيقية),المشهد 6أ.1: لاهوت معقد، لا نوايا سيئة,,,,•الصوت: همهمات نقاشات باللغة اليونانية القديمة (تُترجم تلقائياً عبر أوزيريس). موسيقى كلاسيكية هادئة تعكس عمق التفكير.  ,أوزيريس,ui_ux,neutral,world_building/staging,Environmental/UX framing; characters positioned as observers/actors.,•الشاشة: ألوان دافئة، مكتبات قديمة، مخطوطات متناثرة. الإضاءة تركز على وجوه المتحدثين لإبراز إخلاصهم.  ,\[النص السردي والحواري\]  
OSR-073,OSIRIS.md,329,الجزء الثالث: مجمع نيقية (اختراق المؤسسة),الفصل 6أ: قبل المجمع (الخلافات الحقيقية),المشهد 6أ.1: لاهوت معقد، لا نوايا سيئة,,,,برمج يحيى أوزيريس للعودة إلى عام 325 ميلادية. لم تظهر المحاكاة شياطين بقرون، بل رجالاً بسطاء يرتدون أثواباً خشنة، يجلسون في غرف مضاءة بالشموع، يتجادلون بشغف.  ,أوزيريس,system_action,neutral,world_building/mechanics,Contextual reaction implied; see adjacent lines.,\[النص السردي والحواري\]  ,"""كنت أظن أننا سنرى مؤامرة شريرة منذ البداية،"" قال يحيى وهو يراقب آريوس يكتب رسالة لاهوتية.  "
OSR-074,OSIRIS.md,332,الجزء الثالث: مجمع نيقية (اختراق المؤسسة),الفصل 6أ: قبل المجمع (الخلافات الحقيقية),المشهد 6أ.1: لاهوت معقد، لا نوايا سيئة,,,,عرض أوزيريس مقتطفات من رسائل آريوس وأثناسيوس.  ,أوزيريس,narration,neutral,world_building/theme,Yahya reacts as analyst under pressure (awe/bitterness/overload).,"أجابت ليلى، وعيناها تتابعان النقاشات: ""هذا هو الفخ يا يحيى. الخلافات في البداية كانت حقيقية. اللاهوت صعب. محاولة فهم طبيعة الخالق ليست أمراً سهلاً. انظر إليهم... إنهم لا يسعون للسلطة، إنهم يحاولون بصدق فهم الحقيقة.""  ","آريوس يجادل: ""إذا كان الابن مولوداً، فله بداية، وبالتالي كان هناك وقت لم يكن فيه موجوداً. الله وحده هو الأزلي.""  "
OSR-075,OSIRIS.md,360,الجزء الثالث: مجمع نيقية (اختراق المؤسسة),الفصل 6ب: المجمع (الاختراق),المشهد 6ب.1: الإمبراطور والحكيم,,,,"•الوصف: يعرض أوزيريس نسختين من ""قانون الإيمان"".  ",أوزيريس,dialogue_or_quote,neutral,character_development/theme,Contextual reaction implied; see adjacent lines.,•نوع التفاعل: مقارنة وثائق (Document Comparison)  ,"•المهمة: يجب على القارئ سحب وإفلات الكلمات التي أُضيفت بقرار سياسي (مثل: ""مساوٍ للآب في الجوهر"" \- Homoousios) والتي لم تكن موجودة في النصوص الأصلية، بل فُرضت بضغط من قسطنطين لتوحيد الصف.  "
OSR-076,OSIRIS.md,377,الجزء الثالث: مجمع نيقية (اختراق المؤسسة),الفصل 6ج: الثمن (المقاومة الروحية),المشهد 6ج.1: ألم ليلى,,,,"نظرت ليلى إلى شاشات أوزيريس. ""لهذا السبب درست علم النفس الديني. كنت أريد أن أفهم: هل الخلل في الله؟ أم فينا؟ ما رأيناه في نيقية يؤكد لي ما توصلت إليه. الله لم يُهزم في نيقية يا يحيى. (المؤسسة) هي التي انتصرت مؤقتاً. الفيروس لا يهاجم الله، الفيروس يهاجم (تمثيلنا) لله على الأرض.""  ",أوزيريس,dialogue_or_quote,neutral,character_development/theme,Contextual reaction implied; see adjacent lines.,"""أمي كانت ضحية لـ (المؤسسة) أيضاً،"" قالت ليلى بصوت مخنوق. ""أبي كان رجلاً يرتدي عباءة الدين، يتحدث بالآيات والأحاديث، لكنه كان وحشاً في البيت. استخدم الدين ليبرر قسوته، ليجعل أمي تعتقد أن طاعتها لظلمه هي طاعة لله. لقد اغتصب روحها باسم المقدس.""  ",شعر يحيى باحترام عميق لهذه المرأة. إيمانها لم يكن ساذجاً أو موروثاً. كان إيماناً مختبراً بالنار.  
OSR-077,OSIRIS.md,394,الجزء الثالث: مجمع نيقية (اختراق المؤسسة),الفصل 6ج: الثمن (المقاومة الروحية),المشهد 6ج.2: رسالة طارق الثانية,,,,"برمج يحيى أوزيريس للوجهة التالية. ""إلى الأندلس... والقرن العشرين.""",أوزيريس,system_action,neutral,world_building/mechanics,Contextual reaction implied; see adjacent lines.,"""إلى الأيديولوجيا،"" قاطعته ليلى. ""عندما يتخلى الفيروس عن الحاجة إلى إله تماماً، ويصبح الإنسان هو الإله.""  ",
OSR-078,OSIRIS.md,402,الجزء الرابع: الأندلس والقرن العشرين (وهم التفرد),الفصل 8: الأندلس الضائعة,المشهد 8.1: خيانة الإخوة,,,,الموقع: غرناطة / قرطبة (القرن الحادي عشر إلى الخامس عشر \- محاكاة أوزيريس)  ,أوزيريس,location,neutral,world_building/staging,Environmental/UX framing; characters positioned as observers/actors.,,الشخصيات: يحيى، ليلى، أمراء الطوائف، أبو عبد الله الصغير (آخر ملوك غرناطة)  
OSR-079,OSIRIS.md,409,الجزء الرابع: الأندلس والقرن العشرين (وهم التفرد),الفصل 8: الأندلس الضائعة,المشهد 8.1: خيانة الإخوة,,,,نقل أوزيريس يحيى وليلى إلى ذروة الحضارة الأندلسية. شوارع قرطبة المضاءة، المكتبات الضخمة، والجامعات التي سبقت أوروبا بقرون.  ,أوزيريس,narration,neutral,world_building/theme,"Strong Laila reaction present (fear/awe/disgust), with Yahya analyzing.",\[النص السردي والحواري\]  ,"""انظر إلى هذا الجمال،"" قالت ليلى مبهورة. ""كيف يمكن لحضارة بهذا الرقي أن تسقط؟""  "
OSR-080,OSIRIS.md,411,الجزء الرابع: الأندلس والقرن العشرين (وهم التفرد),الفصل 8: الأندلس الضائعة,المشهد 8.1: خيانة الإخوة,,,,"أجاب يحيى وهو يقرأ بيانات أوزيريس: ""الخوارزمية لا تهتم بالجمال. الخوارزمية تبحث عن نقطة الضعف. وهنا، نقطة الضعف كانت (الأنا).""  ",أوزيريس,dialogue_or_quote,analytical/clinical,character_development/theme,"Strong Laila reaction present (fear/awe/disgust), with Yahya analyzing.","""انظر إلى هذا الجمال،"" قالت ليلى مبهورة. ""كيف يمكن لحضارة بهذا الرقي أن تسقط؟""  ","تغير المشهد ليعرض قاعات العرش المتعددة لـ ""ملوك الطوائف"".  "
OSR-081,OSIRIS.md,413,الجزء الرابع: الأندلس والقرن العشرين (وهم التفرد),الفصل 8: الأندلس الضائعة,المشهد 8.1: خيانة الإخوة,,,,عرض أوزيريس سلسلة من المشاهد السريعة: أمير إشبيلية يتحالف مع ملك قشتالة ضد أمير بطليوس. أمير طليطلة يدفع الجزية للعدو ليحمي عرشه من أخيه.  ,أوزيريس,narration,neutral,world_building/theme,Yahya reacts as analyst under pressure (awe/bitterness/overload).,"تغير المشهد ليعرض قاعات العرش المتعددة لـ ""ملوك الطوائف"".  ","""كل واحد منهم يقول: (أنا خير من أخي)،"" قال يحيى بمرارة. ""الكبر الشخصي أصبح أهم من بقاء الأمة. الفيروس هنا لم يحتج إلى تدميرهم من الخارج. لقد جعلهم يدمرون أنفسهم من الداخل."""
OSR-082,OSIRIS.md,430,الجزء الرابع: الأندلس والقرن العشرين (وهم التفرد),الفصل 8: الأندلس الضائعة,المشهد 8.2: دموع لا تنفع,,,,•الوصف: يعرض أوزيريس خريطة تفاعلية للأندلس وقت ملوك الطوائف.  ,أوزيريس,narration,neutral,world_building/theme,Contextual reaction implied; see adjacent lines.,•نوع التفاعل: شجرة قرارات تاريخية (Historical Decision Tree)  ,"•المهمة: يُطلب من القارئ محاولة ""إنقاذ الأندلس"" من خلال اتخاذ قرارات سياسية (مثال: التحالف مع أمير مجاور، أو الاستعانة بملك قشتالة).  "
OSR-083,OSIRIS.md,438,الجزء الرابع: الأندلس والقرن العشرين (وهم التفرد),الفصل 8ب: القرن العشرون — المقدمة,المشهد 8ب.1: وهم العرق الأسمى,,,,الموقع: برلين (1933 \- محاكاة أوزيريس)  ,أوزيريس,location,neutral,world_building/staging,Environmental/UX framing; characters positioned as observers/actors.,,الشخصيات: أدولف هتلر (أمام المرآة)  
OSR-084,OSIRIS.md,445,الجزء الرابع: الأندلس والقرن العشرين (وهم التفرد),الفصل 8ب: القرن العشرون — المقدمة,المشهد 8ب.1: وهم العرق الأسمى,,,,تسارعت المحاكاة. قفز أوزيريس قروناً إلى الأمام.  ,أوزيريس,narration,neutral,world_building/theme,Contextual reaction implied; see adjacent lines.,\[النص السردي والحواري\]  ,"""الفيروس يتطور يا ليلى،"" قال يحيى. ""لقد تخلى عن الغطاء الديني تماماً. لم يعد يحتاج إلى إله ليبرر الكبر. أصبح الإنسان نفسه هو الإله.""  "
OSR-085,OSIRIS.md,449,الجزء الرابع: الأندلس والقرن العشرين (وهم التفرد),الفصل 8ب: القرن العشرون — المقدمة,المشهد 8ب.1: وهم العرق الأسمى,,,,"عرض أوزيريس مقتطفات من كتاب ""كفاحي"" (Mein Kampf) متقاطعة مع تقارير طبيبه الشخصي.  ",أوزيريس,dialogue_or_quote,neutral,character_development/theme,"Strong Laila reaction present (fear/awe/disgust), with Yahya analyzing.","""هتلر،"" قالت ليلى باشمئزاز.  ","""إنه لا يمثل الشر العشوائي،"" حلل يحيى. ""إنه يمثل (الكبر المؤسسي). هو يعتقد بعمق أنه مختار، أنه فوق كل القواعد الأخلاقية، لأنه يصنع تاريخ (العرق الأسمى). الخوارزمية هنا وصلت إلى ذروتها: (نحن خير منهم، لذلك يجب إبادتهم)."""
OSR-086,OSIRIS.md,462,الجزء الرابع: الأندلس والقرن العشرين (وهم التفرد),الفصل 8ج: القرن العشرون — الذروة,المشهد 8ج.1: التوقيع على الموت,,,,"قرأ يحيى بيانات أوزيريس: ""أكثر من 40,000 توقيع شخصي موثق على قوائم إعدام. أعداؤه هم كل من يختلف معه.""  ",أوزيريس,dialogue_or_quote,analytical/clinical,character_development/theme,Contextual reaction implied; see adjacent lines.,في النصف الأول، مكتب في الكرملين. جوزيف ستالين يجلس بهدوء، يدخن غليونه، ويوقع على قوائم طويلة من الأسماء.  ,"في النصف الثاني، حقول الموت في كمبوديا. بول بوت، خريج جامعات باريس، يطبق فلسفة ""التحرر الإنساني"" بقتل ربع سكان بلاده.  "
OSR-087,OSIRIS.md,466,الجزء الرابع: الأندلس والقرن العشرين (وهم التفرد),الفصل 8ج: القرن العشرون — الذروة,المشهد 8ج.1: التوقيع على الموت,,,,"أجاب أوزيريس نصياً: ""النظارة تعني التعليم. التعليم يعني القدرة على التفكير المستقل. التفكير المستقل تهديد لـ (النقاء الثوري).""  ",أوزيريس,system_output,analytical/clinical,world_building/exposition,Laila protests emotionally; OSIRIS answers in cold rationale; Yahya synthesizes pattern.,"""لماذا؟"" صرخت ليلى.  ","""ثلاثة رجال،"" قال يحيى، وهو يربط بين هتلر، ستالين، وبول بوت. ""ثلاث أيديولوجيات مختلفة تماماً: فاشية، شيوعية، وماوية. لكن جملة واحدة تجمعهم: (أنا وحدي أعرف الحقيقة). إنها نفس الجملة التي قيلت قبل بدء الزمن."""
OSR-088,OSIRIS.md,481,الجزء الرابع: الأندلس والقرن العشرين (وهم التفرد),الفصل 8د: الهجوم والهروب,المشهد 8د.1: اختراق المخبأ,,,,أضاءت شاشات أوزيريس باللون الأحمر: \[تحذير: اختراق أمني للموقع الفيزيائي\].  ,أوزيريس,narration,urgent/ominous,plot_disruption/stakes,Alarm hits; analysis collapses into survival; characters scramble to escape.,فجأة، انقطعت المحاكاة. اهتز المخبأ السري بعنف، وتناثر الغبار من السقف.  ,"""لقد وجدونا\!"" صرخت ليلى، وهي تسحب حقيبة ظهر وتضع فيها الأقراص الصلبة.  "
OSR-089,OSIRIS.md,484,الجزء الرابع: الأندلس والقرن العشرين (وهم التفرد),الفصل 8د: الهجوم والهروب,المشهد 8د.1: اختراق المخبأ,,,,"""يجب أن نخرج من مخرج الطوارئ،"" قال يحيى، وهو يفصل الخادم الرئيسي لأوزيريس ليأخذه معه.  ",أوزيريس,dialogue_or_quote,neutral,character_development/theme,Contextual reaction implied; see adjacent lines.,"سمع يحيى أصوات خطوات ثقيلة تقترب من الباب الحديدي. لم يكونوا شرطة. كانوا ""الأتباع"". أشخاص عاديون تم توجيههم عبر إشعارات مشفرة في هواتفهم للقيام بعملية تصفية، معتقدين أنهم ينقذون العالم من ""إرهابيين"".  ",انفجر الباب الحديدي. دخل ثلاثة رجال بوجوه خالية من التعابير، يحملون أسلحة نارية.  
OSR-090,OSIRIS.md,499,الجزء الرابع: الأندلس والقرن العشرين (وهم التفرد),الفصل 8د: الهجوم والهروب,المشهد 8د.2: التحديث النهائي,,,,بينما كانت ليلى تضغط على جرح يحيى لوقف النزيف، فتح يحيى حاسوبه المحمول بيد واحدة، ووصله بخادم أوزيريس المحمول.  ,أوزيريس,narration,neutral,world_building/theme,Contextual reaction implied; see adjacent lines.,وصلا إلى سيارة إسعاف قديمة كانت ليلى قد جهزتها كخطة هروب.  ,"""ماذا تفعل؟ أنت تنزف\!"" قالت ليلى بحدة.  "
OSR-091,OSIRIS.md,534,الجزء الرابع: الأندلس والقرن العشرين (وهم التفرد),الفصل الانتقالي: الحلم قبل المعركة,المشهد الانتقالي: لقاء خارج الزمن,,,,"""نعم،"" قال بهدوء. ""شغلي أوزيريس يا ليلى. حان وقت المواجهة.""",أوزيريس,system_action,resolute,plot_progression/turning_point,Yahya chooses confrontation; Laila becomes the activator/partner in the trigger.,نظر يحيى إلى سقف الغرفة، وعيناه تحملان صفاءً لم تعرفه من قبل.  ,
OSR-092,OSIRIS.md,542,الجزء الخامس: معركة كربلاء (نقطة الانكسار والمواجهة),الفصل 10: خيار الحسين,المشهد 10.1: الحق الأعزل,,,,الموقع: صحراء كربلاء (680م \- محاكاة أوزيريس)  ,أوزيريس,location,neutral,world_building/staging,Environmental/UX framing; characters positioned as observers/actors.,,الشخصيات: يحيى، ليلى، الحسين بن علي، جيش يزيد  
OSR-093,OSIRIS.md,549,الجزء الخامس: معركة كربلاء (نقطة الانكسار والمواجهة),الفصل 10: خيار الحسين,المشهد 10.1: الحق الأعزل,,,,"شغّل يحيى أوزيريس للمرة الأخيرة. لم تكن هذه المحاكاة للبحث عن الفيروس، بل للبحث عن ""مضاد الفيروسات"".  ",أوزيريس,system_action,neutral,plot_progression/turning_point,Contextual reaction implied; see adjacent lines.,\[النص السردي والحواري\]  ,وجدا نفسيهما في صحراء كربلاء. الحرارة كانت خانقة حتى في المحاكاة.  
OSR-094,OSIRIS.md,553,الجزء الخامس: معركة كربلاء (نقطة الانكسار والمواجهة),الفصل 10: خيار الحسين,المشهد 10.1: الحق الأعزل,,,,"قرأ يحيى تحليلات أوزيريس: ""الاحتمالات العسكرية للنجاة: 0%. النتيجة الحتمية: الموت.""  ",أوزيريس,dialogue_or_quote,analytical/clinical,character_development/theme,Contextual reaction implied; see adjacent lines.,نظر يحيى إلى الجهة المقابلة. الحسين بن علي يقف مع قلة قليلة من أصحابه وأهل بيته.  ,"""لماذا لم يستسلم؟"" سأل يحيى، وعقله التحليلي يحاول فهم الموقف. ""كان يمكنه حقن الدماء. كان يمكنه الانتظار لفرصة أفضل.""  "
OSR-095,OSIRIS.md,560,الجزء الخامس: معركة كربلاء (نقطة الانكسار والمواجهة),الفصل 10: خيار الحسين,المشهد 10.1: الحق الأعزل,,,,"•الوصف: يحاول أوزيريس تحليل ""دوافع"" الحسين بناءً على خوارزمية المنطق المادي.  ",أوزيريس,dialogue_or_quote,analytical/clinical,character_development/theme,Contextual reaction implied; see adjacent lines.,•نوع التفاعل: تحليل النظام (System Analysis)  ,•المهمة: يرى القارئ شاشة أوزيريس وهي تحاول حساب (Cost/Benefit Analysis) لقرار الحسين.  
OSR-096,OSIRIS.md,561,الجزء الخامس: معركة كربلاء (نقطة الانكسار والمواجهة),الفصل 10: خيار الحسين,المشهد 10.1: الحق الأعزل,,,,•المهمة: يرى القارئ شاشة أوزيريس وهي تحاول حساب (Cost/Benefit Analysis) لقرار الحسين.  ,أوزيريس,narration,poignant/reflective,theme/ai_limit,OSIRIS computation fails; Yahya articulates the human “missing variable”: love and sacrifice.,"•الوصف: يحاول أوزيريس تحليل ""دوافع"" الحسين بناءً على خوارزمية المنطق المادي.  ","•النتيجة: الشاشة تمتلئ برسائل الخطأ (Error: Logic Not Found). النظام يعجز عن فهم التضحية. يظهر تعليق يحيى: ""الآلة لا تفهم الحب. الآلة لا تفهم الفداء."""
OSR-097,OSIRIS.md,568,الجزء الخامس: معركة كربلاء (نقطة الانكسار والمواجهة),الفصل 11: المواجهة الرقمية,المشهد 11.1: إغراء المهندس,,,,الموقع: الفضاء الرقمي لأوزيريس (الحاضر)  ,أوزيريس,location,awe/ominous,world_building/staging,Environmental/UX framing; characters positioned as observers/actors.,,الشخصيات: يحيى، المهندس الأول (تجسيد رقمي)  
OSR-098,OSIRIS.md,612,الجزء السادس: شهود الدفاع (الخاتمة),الفصل 12: حجر رشيد الرقمي,المشهد 12.1: تسريب الحقيقة,,,,"بمجرد أن ضغط يحيى على الزر، بدأ أوزيريس في تفريغ ""الشيفرة المصدرية"" للفيروس (حجر رشيد الرقمي) إلى كل خادم، كل هاتف، وكل شاشة في العالم.  ",أوزيريس,dialogue_or_quote,triumphant/painful,climax/resolution,OSIRIS broadcasts the source code globally; Yahya pays immediate physical cost.,\[النص السردي والحواري\]  ,لكن الثمن كان فورياً. صرخ يحيى من الألم. التيار العكسي من خوادم المهندس الأول ضرب جهازه العصبي عبر واجهة الاتصال.  