mentionId,source,line,timestampStart,timestampEnd,speaker,part,chapter,scene,emotionalTone,narrativeFunction,text,effectId,effectLabel,baseAsset,fallbackAsset,baseW,baseH,baseFps,baseCodec,palette,shaderPreset,shaderParams,particlePreset,particleParams,gpuBudgetMB,syncToleranceMs,centerSafePct
OSR-001,OSIRIS_CINEMATIC_TIMELINE.md,26,0:35,0:39,Tarek,zero-1-1-summons — الاستدعاء (The Summons),,,urgent/ominous,plot_catalyst,الشر ليس عشوائياً يا يحيى. إنه كود برمجي. لقد وجدت الشيفرة المصدرية. افتح أوزيريس.,FX-01-SUMMONS-EYE,Summons / Falcon Eye,generated-assets/video-bg/osiris-vid-bg/Egyptian_falcon_eye_202603301359.mp4,generated-assets/video-bg/osiris-vid-bg/Slow_orbit_osiris_falcon_hologram_floating_i.gif,1280,720,24,avc1,#05060a|#00e5ff|#2a5cff|#d4af37|#ff2d2d,irisGlow+crtSubtle,"{""irisPulseHz"":0.8,""glowIntensity"":0.55,""glowColor"":""#00e5ff"",""vignette"":0.45,""scanlineIntensity"":0.1,""chromaAberration"":0.002,""noise"":0.08}",microDust,"{""count"":80,""sizePx"":[0.8,1.6],""speed"":0.12,""opacity"":[0,0.18]}",128,50,15
OSR-002,OSIRIS_CINEMATIC_TIMELINE.md,38,0:06,0:08,OSIRIS,zero-1-2-prosecution — المرافعة الافتتاحية (The Opening Argument),,,neutral,character_development/theme,الملف رقم: واحد.,FX-03-HOLOGRAM-DATA,Hologram Data Stream,generated-assets/video-bg/osiris-vid-bg/Falcon_hologram_data_202603301414.mp4,generated-assets/video-bg/osiris-vid-bg/Slow_orbit_osiris_falcon_hologram_floating_i.gif,1280,720,24,avc1,#02030a|#00e5ff|#00ff9d|#2a5cff|#c8fff4,dataRain+edgeGlow,"{""dataDensity"":0.6,""edgeGlow"":0.35,""gamma"":1.08,""contrast"":1.12,""scanlineIntensity"":0.12}",lineParticles,"{""count"":160,""lengthPx"":[6,18],""speed"":0.22,""opacity"":[0.02,0.18]}",128,50,15
OSR-003,OSIRIS_CINEMATIC_TIMELINE.md,39,0:08,0:11,OSIRIS,zero-1-2-prosecution — المرافعة الافتتاحية (The Opening Argument),,,neutral,character_development/theme,المتهم: الإنسان.,FX-03-HOLOGRAM-DATA,Hologram Data Stream,generated-assets/video-bg/osiris-vid-bg/Falcon_hologram_data_202603301414.mp4,generated-assets/video-bg/osiris-vid-bg/Slow_orbit_osiris_falcon_hologram_floating_i.gif,1280,720,24,avc1,#02030a|#00e5ff|#00ff9d|#2a5cff|#c8fff4,dataRain+edgeGlow,"{""dataDensity"":0.6,""edgeGlow"":0.35,""gamma"":1.08,""contrast"":1.12,""scanlineIntensity"":0.12}",lineParticles,"{""count"":160,""lengthPx"":[6,18],""speed"":0.22,""opacity"":[0.02,0.18]}",128,50,15
OSR-004,OSIRIS_CINEMATIC_TIMELINE.md,40,0:11,0:13,OSIRIS,zero-1-2-prosecution — المرافعة الافتتاحية (The Opening Argument),,,neutral,character_development/theme,المدّعي: أنا.,FX-03-HOLOGRAM-DATA,Hologram Data Stream,generated-assets/video-bg/osiris-vid-bg/Falcon_hologram_data_202603301414.mp4,generated-assets/video-bg/osiris-vid-bg/Slow_orbit_osiris_falcon_hologram_floating_i.gif,1280,720,24,avc1,#02030a|#00e5ff|#00ff9d|#2a5cff|#c8fff4,dataRain+edgeGlow,"{""dataDensity"":0.6,""edgeGlow"":0.35,""gamma"":1.08,""contrast"":1.12,""scanlineIntensity"":0.12}",lineParticles,"{""count"":160,""lengthPx"":[6,18],""speed"":0.22,""opacity"":[0.02,0.18]}",128,50,15
OSR-005,OSIRIS_CINEMATIC_TIMELINE.md,41,0:13,0:16,OSIRIS,zero-1-2-prosecution — المرافعة الافتتاحية (The Opening Argument),,,neutral,character_development/theme,الاتهام: عدم الأهلية للتكريم.,FX-03-HOLOGRAM-DATA,Hologram Data Stream,generated-assets/video-bg/osiris-vid-bg/Falcon_hologram_data_202603301414.mp4,generated-assets/video-bg/osiris-vid-bg/Slow_orbit_osiris_falcon_hologram_floating_i.gif,1280,720,24,avc1,#02030a|#00e5ff|#00ff9d|#2a5cff|#c8fff4,dataRain+edgeGlow,"{""dataDensity"":0.6,""edgeGlow"":0.35,""gamma"":1.08,""contrast"":1.12,""scanlineIntensity"":0.12}",lineParticles,"{""count"":160,""lengthPx"":[6,18],""speed"":0.22,""opacity"":[0.02,0.18]}",128,50,15
OSR-006,OSIRIS_CINEMATIC_TIMELINE.md,42,0:16,0:19,OSIRIS,zero-1-2-prosecution — المرافعة الافتتاحية (The Opening Argument),,,neutral,character_development/theme,الأدلة: ستة آلاف سنة من التاريخ الموثق.,FX-03-HOLOGRAM-DATA,Hologram Data Stream,generated-assets/video-bg/osiris-vid-bg/Falcon_hologram_data_202603301414.mp4,generated-assets/video-bg/osiris-vid-bg/Slow_orbit_osiris_falcon_hologram_floating_i.gif,1280,720,24,avc1,#02030a|#00e5ff|#00ff9d|#2a5cff|#c8fff4,dataRain+edgeGlow,"{""dataDensity"":0.6,""edgeGlow"":0.35,""gamma"":1.08,""contrast"":1.12,""scanlineIntensity"":0.12}",lineParticles,"{""count"":160,""lengthPx"":[6,18],""speed"":0.22,""opacity"":[0.02,0.18]}",128,50,15
OSR-007,OSIRIS_CINEMATIC_TIMELINE.md,44,0:21,0:27,OSIRIS,zero-1-2-prosecution — المرافعة الافتتاحية (The Opening Argument),,,awe/ominous,character_development/theme,أنا المحامي الكوني. أنتم تسمونني بأسماء كثيرة، وتصورونني كوحش بقرون ونار. لكن الحقيقة أبسط من ذلك بكثير يا يحيى. أنا لست,FX-03-HOLOGRAM-DATA,Hologram Data Stream,generated-assets/video-bg/osiris-vid-bg/Falcon_hologram_data_202603301414.mp4,generated-assets/video-bg/osiris-vid-bg/Slow_orbit_osiris_falcon_hologram_floating_i.gif,1280,720,24,avc1,#02030a|#00e5ff|#00ff9d|#2a5cff|#c8fff4,dataRain+edgeGlow,"{""dataDensity"":0.6,""edgeGlow"":0.35,""gamma"":1.08,""contrast"":1.12,""scanlineIntensity"":0.12}",lineParticles,"{""count"":160,""lengthPx"":[6,18],""speed"":0.22,""opacity"":[0.02,0.18]}",128,50,15
OSR-008,OSIRIS_CINEMATIC_TIMELINE.md,45,0:27,0:33,OSIRIS,zero-1-2-prosecution — المرافعة الافتتاحية (The Opening Argument),,,awe/ominous,character_development/theme,لقد طُلب مني السجود لكائن من طين، فاعترضت. قلت إنه سيفسد فيها ويسفك الدماء. قيل لي: إني أعلم ما لا تعلمون.,FX-03-HOLOGRAM-DATA,Hologram Data Stream,generated-assets/video-bg/osiris-vid-bg/Falcon_hologram_data_202603301414.mp4,generated-assets/video-bg/osiris-vid-bg/Slow_orbit_osiris_falcon_hologram_floating_i.gif,1280,720,24,avc1,#02030a|#00e5ff|#00ff9d|#2a5cff|#c8fff4,dataRain+edgeGlow,"{""dataDensity"":0.6,""edgeGlow"":0.35,""gamma"":1.08,""contrast"":1.12,""scanlineIntensity"":0.12}",lineParticles,"{""count"":160,""lengthPx"":[6,18],""speed"":0.22,""opacity"":[0.02,0.18]}",128,50,15
OSR-009,OSIRIS_CINEMATIC_TIMELINE.md,46,0:33,0:40,OSIRIS,zero-1-2-prosecution — المرافعة الافتتاحية (The Opening Argument),,,neutral,character_development/theme,لذلك، قررت أن أثبت وجهة نظري. لم أستخدم السحر، ولم أجبر أحداً على شيء. لقد صممت خوارزمية بسيطة جداً، سطر واحد من الكود،,FX-03-HOLOGRAM-DATA,Hologram Data Stream,generated-assets/video-bg/osiris-vid-bg/Falcon_hologram_data_202603301414.mp4,generated-assets/video-bg/osiris-vid-bg/Slow_orbit_osiris_falcon_hologram_floating_i.gif,1280,720,24,avc1,#02030a|#00e5ff|#00ff9d|#2a5cff|#c8fff4,dataRain+edgeGlow,"{""dataDensity"":0.6,""edgeGlow"":0.35,""gamma"":1.08,""contrast"":1.12,""scanlineIntensity"":0.12}",lineParticles,"{""count"":160,""lengthPx"":[6,18],""speed"":0.22,""opacity"":[0.02,0.18]}",128,50,15
OSR-010,OSIRIS_CINEMATIC_TIMELINE.md,48,0:40,0:49,OSIRIS,zero-1-2-prosecution — المرافعة الافتتاحية (The Opening Argument),,,neutral,character_development/theme,هذا السطر البرمجي البسيط هو الشيفرة المصدرية لكل دماء سُفكت على هذه الأرض. من أول حجر هُشم به رأس أخ، إلى آخر قنبلة أُلق,FX-03-HOLOGRAM-DATA,Hologram Data Stream,generated-assets/video-bg/osiris-vid-bg/Falcon_hologram_data_202603301414.mp4,generated-assets/video-bg/osiris-vid-bg/Slow_orbit_osiris_falcon_hologram_floating_i.gif,1280,720,24,avc1,#02030a|#00e5ff|#00ff9d|#2a5cff|#c8fff4,dataRain+edgeGlow,"{""dataDensity"":0.6,""edgeGlow"":0.35,""gamma"":1.08,""contrast"":1.12,""scanlineIntensity"":0.12}",lineParticles,"{""count"":160,""lengthPx"":[6,18],""speed"":0.22,""opacity"":[0.02,0.18]}",128,50,15
OSR-011,OSIRIS_CINEMATIC_TIMELINE.md,49,0:49,0:54,OSIRIS,zero-1-2-prosecution — المرافعة الافتتاحية (The Opening Argument),,,neutral,character_development/theme,طارق رأى النمط. طارق فهم الخوارزمية. ولهذا السبب... لم يعد طارق هنا.,FX-03-HOLOGRAM-DATA,Hologram Data Stream,generated-assets/video-bg/osiris-vid-bg/Falcon_hologram_data_202603301414.mp4,generated-assets/video-bg/osiris-vid-bg/Slow_orbit_osiris_falcon_hologram_floating_i.gif,1280,720,24,avc1,#02030a|#00e5ff|#00ff9d|#2a5cff|#c8fff4,dataRain+edgeGlow,"{""dataDensity"":0.6,""edgeGlow"":0.35,""gamma"":1.08,""contrast"":1.12,""scanlineIntensity"":0.12}",lineParticles,"{""count"":160,""lengthPx"":[6,18],""speed"":0.22,""opacity"":[0.02,0.18]}",128,50,15
OSR-012,OSIRIS_CINEMATIC_TIMELINE.md,52,0:56,1:03,OSIRIS,zero-1-2-prosecution — المرافعة الافتتاحية (The Opening Argument),,,neutral,character_development/theme,أنا؟ لم أفعل شيئاً. أتباعي من بني جنسك هم من فعلوا. هل تريد أن ترى كيف تعمل الخوارزمية يا يحيى؟ هل تملك الشجاعة لفتح الم,FX-03-HOLOGRAM-DATA,Hologram Data Stream,generated-assets/video-bg/osiris-vid-bg/Falcon_hologram_data_202603301414.mp4,generated-assets/video-bg/osiris-vid-bg/Slow_orbit_osiris_falcon_hologram_floating_i.gif,1280,720,24,avc1,#02030a|#00e5ff|#00ff9d|#2a5cff|#c8fff4,dataRain+edgeGlow,"{""dataDensity"":0.6,""edgeGlow"":0.35,""gamma"":1.08,""contrast"":1.12,""scanlineIntensity"":0.12}",lineParticles,"{""count"":160,""lengthPx"":[6,18],""speed"":0.22,""opacity"":[0.02,0.18]}",128,50,15
OSR-013,OSIRIS_CINEMATIC_TIMELINE.md,81,0:15,0:22,Narrator,one-1-5-2-bitter-truth — الحقيقة المرة (The Bitter Truth),,,neutral,plot_reveal/foreshadowing,"فتح طارق ملفاً سرياً يحمل اسم ""مشروع أوزيريس"". قرأ بصوت مسموع: ""الهدف: الهندسة العصبية. التحكم بأنماط التفكير البشري من",FX-04-NEURAL-ANALYSIS,Neural Analysis / Pattern Match,generated-assets/video-bg/osiris-vid-bg/Neural_network_forms_202603301407.mp4,generated-assets/video-bg/osiris-vid-bg/OSIRIS_falcon_logo_202603301401.mp4,1280,720,24,avc1,#05060a|#6cf0ff|#9b5cff|#00ff9d|#ffffff,neuralPulse+colorShift,"{""pulseHz"":0.9,""pulseIntensity"":0.45,""hueShift"":0.06,""vignette"":0.38,""noise"":0.1}",synapseNodes,"{""count"":220,""linkProb"":0.12,""speed"":0.15,""opacity"":[0.03,0.2]}",128,50,15
OSR-014,OSIRIS_CINEMATIC_TIMELINE.md,95,0:10,0:14,OSIRIS,one-1-5-3-no-escape — لا مفر (No Escape),,,analytical/clinical,character_development/theme,إلى أين تذهب يا طارق؟ نحن نعرف ما تفكر فيه قبل أن تفكر فيه.,FX-03-HOLOGRAM-DATA,Hologram Data Stream,generated-assets/video-bg/osiris-vid-bg/Falcon_hologram_data_202603301414.mp4,generated-assets/video-bg/osiris-vid-bg/Slow_orbit_osiris_falcon_hologram_floating_i.gif,1280,720,24,avc1,#02030a|#00e5ff|#00ff9d|#2a5cff|#c8fff4,dataRain+edgeGlow,"{""dataDensity"":0.6,""edgeGlow"":0.35,""gamma"":1.08,""contrast"":1.12,""scanlineIntensity"":0.12}",lineParticles,"{""count"":160,""lengthPx"":[6,18],""speed"":0.22,""opacity"":[0.02,0.18]}",128,50,15
OSR-015,OSIRIS_CINEMATIC_TIMELINE.md,138,0:07,0:16,Yahya,two-2-2-osiris-launch — تشغيل أوزيريس (Launching OSIRIS),,,neutral,character_development/theme,أوزيريس. نظام استشعار كمي. هو لا يعيد بناء الماضي من كتب التاريخ. هو يقرأ موجات الكم التي تُركت في الكون. كل حدث، كل جري,FX-03-HOLOGRAM-DATA,Hologram Data Stream,generated-assets/video-bg/osiris-vid-bg/Falcon_hologram_data_202603301414.mp4,generated-assets/video-bg/osiris-vid-bg/Slow_orbit_osiris_falcon_hologram_floating_i.gif,1280,720,24,avc1,#02030a|#00e5ff|#00ff9d|#2a5cff|#c8fff4,dataRain+edgeGlow,"{""dataDensity"":0.6,""edgeGlow"":0.35,""gamma"":1.08,""contrast"":1.12,""scanlineIntensity"":0.12}",lineParticles,"{""count"":160,""lengthPx"":[6,18],""speed"":0.22,""opacity"":[0.02,0.18]}",128,50,15
OSR-016,OSIRIS_CINEMATIC_TIMELINE.md,157,0:28,0:32,OSIRIS,three-3-1-creation — لحظة الخلق والرفض (The Moment of Creation and Refusal),,,neutral,character_development/theme,أنا خير منه. خلقتني من نار وخلقته من طين.,FX-03-HOLOGRAM-DATA,Hologram Data Stream,generated-assets/video-bg/osiris-vid-bg/Falcon_hologram_data_202603301414.mp4,generated-assets/video-bg/osiris-vid-bg/Slow_orbit_osiris_falcon_hologram_floating_i.gif,1280,720,24,avc1,#02030a|#00e5ff|#00ff9d|#2a5cff|#c8fff4,dataRain+edgeGlow,"{""dataDensity"":0.6,""edgeGlow"":0.35,""gamma"":1.08,""contrast"":1.12,""scanlineIntensity"":0.12}",lineParticles,"{""count"":160,""lengthPx"":[6,18],""speed"":0.22,""opacity"":[0.02,0.18]}",128,50,15
OSR-017,OSIRIS_CINEMATIC_TIMELINE.md,171,0:12,0:16,OSIRIS,three-3-2-virus-design — تصميم الفيروس (Designing the Virus),,,analytical/clinical,character_development/theme,"المحور الأول: الكبر — زرع فكرة ""أنا خير منه"" كقاعدة بيانات أساسية.",FX-04-NEURAL-ANALYSIS,Neural Analysis / Pattern Match,generated-assets/video-bg/osiris-vid-bg/Neural_network_forms_202603301407.mp4,generated-assets/video-bg/osiris-vid-bg/OSIRIS_falcon_logo_202603301401.mp4,1280,720,24,avc1,#05060a|#6cf0ff|#9b5cff|#00ff9d|#ffffff,neuralPulse+colorShift,"{""pulseHz"":0.9,""pulseIntensity"":0.45,""hueShift"":0.06,""vignette"":0.38,""noise"":0.1}",synapseNodes,"{""count"":220,""linkProb"":0.12,""speed"":0.15,""opacity"":[0.03,0.2]}",128,50,15
OSR-018,OSIRIS_CINEMATIC_TIMELINE.md,172,0:16,0:20,OSIRIS,three-3-2-virus-design — تصميم الفيروس (Designing the Virus),,,analytical/clinical,character_development/theme,المحور الثاني: الشهوة — تحويل الإنسان من كائن ذي غاية (خليفة) إلى مستهلك للمتعة.,FX-03-HOLOGRAM-DATA,Hologram Data Stream,generated-assets/video-bg/osiris-vid-bg/Falcon_hologram_data_202603301414.mp4,generated-assets/video-bg/osiris-vid-bg/Slow_orbit_osiris_falcon_hologram_floating_i.gif,1280,720,24,avc1,#02030a|#00e5ff|#00ff9d|#2a5cff|#c8fff4,dataRain+edgeGlow,"{""dataDensity"":0.6,""edgeGlow"":0.35,""gamma"":1.08,""contrast"":1.12,""scanlineIntensity"":0.12}",lineParticles,"{""count"":160,""lengthPx"":[6,18],""speed"":0.22,""opacity"":[0.02,0.18]}",128,50,15
OSR-019,OSIRIS_CINEMATIC_TIMELINE.md,173,0:20,0:24,OSIRIS,three-3-2-virus-design — تصميم الفيروس (Designing the Virus),,,neutral,character_development/theme,المحور الثالث: الكذب — تشويه الحقائق حتى يصبح الباطل منطقياً.,FX-03-HOLOGRAM-DATA,Hologram Data Stream,generated-assets/video-bg/osiris-vid-bg/Falcon_hologram_data_202603301414.mp4,generated-assets/video-bg/osiris-vid-bg/Slow_orbit_osiris_falcon_hologram_floating_i.gif,1280,720,24,avc1,#02030a|#00e5ff|#00ff9d|#2a5cff|#c8fff4,dataRain+edgeGlow,"{""dataDensity"":0.6,""edgeGlow"":0.35,""gamma"":1.08,""contrast"":1.12,""scanlineIntensity"":0.12}",lineParticles,"{""count"":160,""lengthPx"":[6,18],""speed"":0.22,""opacity"":[0.02,0.18]}",128,50,15
OSR-020,OSIRIS_CINEMATIC_TIMELINE.md,174,0:24,0:28,OSIRIS,three-3-2-virus-design — تصميم الفيروس (Designing the Virus),,,neutral,character_development/theme,"المحور الرابع: الفرقة — تدمير مفهوم ""نحن"" واستبداله بـ ""أنا ضد الجميع"".",FX-03-HOLOGRAM-DATA,Hologram Data Stream,generated-assets/video-bg/osiris-vid-bg/Falcon_hologram_data_202603301414.mp4,generated-assets/video-bg/osiris-vid-bg/Slow_orbit_osiris_falcon_hologram_floating_i.gif,1280,720,24,avc1,#02030a|#00e5ff|#00ff9d|#2a5cff|#c8fff4,dataRain+edgeGlow,"{""dataDensity"":0.6,""edgeGlow"":0.35,""gamma"":1.08,""contrast"":1.12,""scanlineIntensity"":0.12}",lineParticles,"{""count"":160,""lengthPx"":[6,18],""speed"":0.22,""opacity"":[0.02,0.18]}",128,50,15
OSR-021,OSIRIS_CINEMATIC_TIMELINE.md,175,0:28,0:32,OSIRIS,three-3-2-virus-design — تصميم الفيروس (Designing the Virus),,,neutral,character_development/theme,المحور الخامس: اليأس — قطع الاتصال بالخالق عبر القنوط.,FX-03-HOLOGRAM-DATA,Hologram Data Stream,generated-assets/video-bg/osiris-vid-bg/Falcon_hologram_data_202603301414.mp4,generated-assets/video-bg/osiris-vid-bg/Slow_orbit_osiris_falcon_hologram_floating_i.gif,1280,720,24,avc1,#02030a|#00e5ff|#00ff9d|#2a5cff|#c8fff4,dataRain+edgeGlow,"{""dataDensity"":0.6,""edgeGlow"":0.35,""gamma"":1.08,""contrast"":1.12,""scanlineIntensity"":0.12}",lineParticles,"{""count"":160,""lengthPx"":[6,18],""speed"":0.22,""opacity"":[0.02,0.18]}",128,50,15
OSR-022,OSIRIS_CINEMATIC_TIMELINE.md,176,0:32,0:36,OSIRIS,three-3-2-virus-design — تصميم الفيروس (Designing the Virus),,,neutral,character_development/theme,المحور السادس: الشبهة — التشكيك المستمر في الثوابت.,FX-03-HOLOGRAM-DATA,Hologram Data Stream,generated-assets/video-bg/osiris-vid-bg/Falcon_hologram_data_202603301414.mp4,generated-assets/video-bg/osiris-vid-bg/Slow_orbit_osiris_falcon_hologram_floating_i.gif,1280,720,24,avc1,#02030a|#00e5ff|#00ff9d|#2a5cff|#c8fff4,dataRain+edgeGlow,"{""dataDensity"":0.6,""edgeGlow"":0.35,""gamma"":1.08,""contrast"":1.12,""scanlineIntensity"":0.12}",lineParticles,"{""count"":160,""lengthPx"":[6,18],""speed"":0.22,""opacity"":[0.02,0.18]}",128,50,15
OSR-023,OSIRIS_CINEMATIC_TIMELINE.md,188,0:01,0:08,Narrator,four-4-1-desert — فراغ الصحراء (The Void of the Desert),,,neutral,world_building/theme,صحراء سيناء. القرن الثالث عشر قبل الميلاد. محاكاة أوزيريس. وقف يحيى وليلى وسط المحاكاة، يشاهدان بحر البشر الممتد في الصح,FX-05-HOLOGRAM-ORBIT,Falcon Hologram / Slow Orbit,generated-assets/video-bg/osiris-vid-bg/OSIRIS_falcon_hologram_202603301403.mp4,generated-assets/video-bg/osiris-vid-bg/Slow_orbit_osiris_falcon_hologram_floating_i.gif,1280,720,24,avc1,#000000|#00e5ff|#2a5cff|#00ff9d|#0b132b,hologramFlicker,"{""flickerHz"":0.35,""flickerAmp"":0.18,""bloom"":0.32,""scanlineIntensity"":0.18}",ionMist,"{""count"":90,""sizePx"":[2,8],""speed"":0.05,""opacity"":[0.01,0.12]}",128,50,15
OSR-024,OSIRIS_CINEMATIC_TIMELINE.md,231,0:01,0:05,Narrator,four-5-2-analyst-tears — دموع المحلل (The Tears of the Analyst),,,tragic/somber,world_building/theme,انتهى التسجيل. ساد صمت ثقيل في الغرفة، لم يقطعه سوى طنين خوادم أوزيريس.,FX-08-SOLEMN-DUST,Solemn / Desaturated Dust,generated-assets/video-bg/osiris-vid-bg/Neural_network_forms_202603301407.mp4,generated-assets/video-bg/osiris-vid-bg/Slow_orbit_osiris_falcon_hologram_floating_i.gif,1280,720,24,avc1,#0b0b0d|#8a8a8f|#d4af37|#3b3b43|#ffffff,desaturate+filmGrain+slowZoom,"{""desat"":0.82,""grain"":0.18,""vignette"":0.62,""zoom"":1.06,""zoomSec"":18}",dust,"{""count"":220,""sizePx"":[0.8,2.4],""speed"":0.08,""opacity"":[0.02,0.16]}",128,50,15
OSR-025,OSIRIS_CINEMATIC_TIMELINE.md,236,0:18,0:23,Laila,four-5-2-analyst-tears — دموع المحلل (The Tears of the Analyst),,,resolute/empowering,plot_progression/turning_point,البكاء لن يعيد طارق. ولن يوقف المهندس الأول. أنت تملك أوزيريس الآن. تملك الشيفرة المصدرية.,FX-03-HOLOGRAM-DATA,Hologram Data Stream,generated-assets/video-bg/osiris-vid-bg/Falcon_hologram_data_202603301414.mp4,generated-assets/video-bg/osiris-vid-bg/Slow_orbit_osiris_falcon_hologram_floating_i.gif,1280,720,24,avc1,#02030a|#00e5ff|#00ff9d|#2a5cff|#c8fff4,dataRain+edgeGlow,"{""dataDensity"":0.6,""edgeGlow"":0.35,""gamma"":1.08,""contrast"":1.12,""scanlineIntensity"":0.12}",lineParticles,"{""count"":160,""lengthPx"":[6,18],""speed"":0.22,""opacity"":[0.02,0.18]}",128,50,15
OSR-026,OSIRIS_CINEMATIC_TIMELINE.md,238,0:23,0:27,Yahya,four-5-2-analyst-tears — دموع المحلل (The Tears of the Analyst),,,defiant/combative,plot_progression/goal_statement,سأدمرهم. سأستخدم أوزيريس لاختراق خوادمهم وفضح كل شيء.,FX-06-ALERT-RED,Security Breach / Red Alert,generated-assets/video-bg/osiris-vid-bg/OSIRIS_falcon_hologram_202603301403.mp4,generated-assets/video-bg/osiris-vid-bg/OSIRIS_falcon_logo_202603301401.mp4,1280,720,24,avc1,#05060a|#ff2d2d|#ff7a00|#00e5ff|#ffffff,uiRedFlash+glitchMinor,"{""flashHz"":2.4,""flashIntensity"":0.85,""glitch"":0.25,""shakePx"":6,""vignette"":0.55}",sparks,"{""count"":140,""sizePx"":[1,3],""speed"":0.35,""opacity"":[0.05,0.3]}",128,50,15
OSR-027,OSIRIS_CINEMATIC_TIMELINE.md,249,0:01,0:08,Narrator,"five-6a-1-nicaea-debate — قبل المجمع: لاهوت معقد، لا نوايا سيئة (Before the Council: Complex Theology, No Evil Intent)",,,neutral,world_building/theme,روما / الإسكندرية. قبل شهر من مجمع نيقية 325م. محاكاة أوزيريس. برمج يحيى أوزيريس للعودة إلى عام 325 ميلادية. لم تظهر الم,FX-05-HOLOGRAM-ORBIT,Falcon Hologram / Slow Orbit,generated-assets/video-bg/osiris-vid-bg/OSIRIS_falcon_hologram_202603301403.mp4,generated-assets/video-bg/osiris-vid-bg/Slow_orbit_osiris_falcon_hologram_floating_i.gif,1280,720,24,avc1,#000000|#00e5ff|#2a5cff|#00ff9d|#0b132b,hologramFlicker,"{""flickerHz"":0.35,""flickerAmp"":0.18,""bloom"":0.32,""scanlineIntensity"":0.18}",ionMist,"{""count"":90,""sizePx"":[2,8],""speed"":0.05,""opacity"":[0.01,0.12]}",128,50,15
OSR-028,OSIRIS_CINEMATIC_TIMELINE.md,308,0:01,0:07,Narrator,six-8-1-andalusia — الأندلس الضائعة — خيانة الإخوة (The Lost Andalusia — Betrayal of Brothers),,,neutral,world_building/theme,نقل أوزيريس يحيى وليلى إلى ذروة الحضارة الأندلسية. شوارع قرطبة المضاءة، المكتبات الضخمة، والجامعات التي سبقت أوروبا بقرو,FX-03-HOLOGRAM-DATA,Hologram Data Stream,generated-assets/video-bg/osiris-vid-bg/Falcon_hologram_data_202603301414.mp4,generated-assets/video-bg/osiris-vid-bg/Slow_orbit_osiris_falcon_hologram_floating_i.gif,1280,720,24,avc1,#02030a|#00e5ff|#00ff9d|#2a5cff|#c8fff4,dataRain+edgeGlow,"{""dataDensity"":0.6,""edgeGlow"":0.35,""gamma"":1.08,""contrast"":1.12,""scanlineIntensity"":0.12}",lineParticles,"{""count"":160,""lengthPx"":[6,18],""speed"":0.22,""opacity"":[0.02,0.18]}",128,50,15
OSR-029,OSIRIS_CINEMATIC_TIMELINE.md,313,0:16,0:23,Narrator,six-8-1-andalusia — الأندلس الضائعة — خيانة الإخوة (The Lost Andalusia — Betrayal of Brothers),,,neutral,world_building/theme,عرض أوزيريس سلسلة من المشاهد السريعة: أمير إشبيلية يتحالف مع ملك قشتالة ضد أمير بطليوس. أمير طليطلة يدفع الجزية للعدو لي,FX-03-HOLOGRAM-DATA,Hologram Data Stream,generated-assets/video-bg/osiris-vid-bg/Falcon_hologram_data_202603301414.mp4,generated-assets/video-bg/osiris-vid-bg/Slow_orbit_osiris_falcon_hologram_floating_i.gif,1280,720,24,avc1,#02030a|#00e5ff|#00ff9d|#2a5cff|#c8fff4,dataRain+edgeGlow,"{""dataDensity"":0.6,""edgeGlow"":0.35,""gamma"":1.08,""contrast"":1.12,""scanlineIntensity"":0.12}",lineParticles,"{""count"":160,""lengthPx"":[6,18],""speed"":0.22,""opacity"":[0.02,0.18]}",128,50,15
OSR-030,OSIRIS_CINEMATIC_TIMELINE.md,329,0:20,0:25,OSIRIS,six-8-2-last-tears — دموع لا تنفع (Tears That Do Not Help),,,neutral,character_development/theme,"لا يمكنك إصلاح نظام مصاب بفيروس ""أنا خير منهم"" باستخدام نفس الفيروس.",FX-03-HOLOGRAM-DATA,Hologram Data Stream,generated-assets/video-bg/osiris-vid-bg/Falcon_hologram_data_202603301414.mp4,generated-assets/video-bg/osiris-vid-bg/Slow_orbit_osiris_falcon_hologram_floating_i.gif,1280,720,24,avc1,#02030a|#00e5ff|#00ff9d|#2a5cff|#c8fff4,dataRain+edgeGlow,"{""dataDensity"":0.6,""edgeGlow"":0.35,""gamma"":1.08,""contrast"":1.12,""scanlineIntensity"":0.12}",lineParticles,"{""count"":160,""lengthPx"":[6,18],""speed"":0.22,""opacity"":[0.02,0.18]}",128,50,15
OSR-031,OSIRIS_CINEMATIC_TIMELINE.md,337,0:01,0:05,Narrator,six-8b-1-berlin — وهم العرق الأسمى (The Illusion of the Supreme Race),,,neutral,world_building/theme,تسارعت المحاكاة. قفز أوزيريس قروناً إلى الأمام. برلين، 1933.,FX-05-HOLOGRAM-ORBIT,Falcon Hologram / Slow Orbit,generated-assets/video-bg/osiris-vid-bg/OSIRIS_falcon_hologram_202603301403.mp4,generated-assets/video-bg/osiris-vid-bg/Slow_orbit_osiris_falcon_hologram_floating_i.gif,1280,720,24,avc1,#000000|#00e5ff|#2a5cff|#00ff9d|#0b132b,hologramFlicker,"{""flickerHz"":0.35,""flickerAmp"":0.18,""bloom"":0.32,""scanlineIntensity"":0.18}",ionMist,"{""count"":90,""sizePx"":[2,8],""speed"":0.05,""opacity"":[0.01,0.12]}",128,50,15
OSR-032,OSIRIS_CINEMATIC_TIMELINE.md,355,0:19,0:24,OSIRIS,six-8c-1-death-signatures — التوقيع على الموت (Signing Death Orders),,,neutral,character_development/theme,"النظارة تعني التعليم. التعليم يعني القدرة على التفكير المستقل. التفكير المستقل تهديد لـ ""النقاء الثوري"".",FX-03-HOLOGRAM-DATA,Hologram Data Stream,generated-assets/video-bg/osiris-vid-bg/Falcon_hologram_data_202603301414.mp4,generated-assets/video-bg/osiris-vid-bg/Slow_orbit_osiris_falcon_hologram_floating_i.gif,1280,720,24,avc1,#02030a|#00e5ff|#00ff9d|#2a5cff|#c8fff4,dataRain+edgeGlow,"{""dataDensity"":0.6,""edgeGlow"":0.35,""gamma"":1.08,""contrast"":1.12,""scanlineIntensity"":0.12}",lineParticles,"{""count"":160,""lengthPx"":[6,18],""speed"":0.22,""opacity"":[0.02,0.18]}",128,50,15
OSR-033,OSIRIS_CINEMATIC_TIMELINE.md,366,0:05,0:08,OSIRIS,six-8d-1-attack — اختراق المخبأ (Breaching the Hideout),,,urgent/ominous,plot_disruption/stakes,تحذير: اختراق أمني للموقع الفيزيائي.,FX-06-ALERT-RED,Security Breach / Red Alert,generated-assets/video-bg/osiris-vid-bg/OSIRIS_falcon_hologram_202603301403.mp4,generated-assets/video-bg/osiris-vid-bg/OSIRIS_falcon_logo_202603301401.mp4,1280,720,24,avc1,#05060a|#ff2d2d|#ff7a00|#00e5ff|#ffffff,uiRedFlash+glitchMinor,"{""flashHz"":2.4,""flashIntensity"":0.85,""glitch"":0.25,""shakePx"":6,""vignette"":0.55}",sparks,"{""count"":140,""sizePx"":[1,3],""speed"":0.35,""opacity"":[0.05,0.3]}",128,50,15
OSR-034,OSIRIS_CINEMATIC_TIMELINE.md,415,1:00,1:04,Yahya,transition-dream — الحلم قبل المعركة (The Dream Before the Battle),,,defiant/combative,plot_progression/turning_point,نعم. شغلي أوزيريس يا ليلى. حان وقت المواجهة.,FX-02-INTERFACE-SCANLINES,OSIRIS Interface / Scanlines,generated-assets/video-bg/osiris-vid-bg/OSIRIS_falcon_logo_202603301401.mp4,generated-assets/video-bg/osiris-vid-bg/Medium_wide_shot_of_the_osiris_falcon_logo_re.gif,1280,720,24,avc1,#000814|#00e5ff|#2a5cff|#0b132b|#ffffff,crtScanlines+vignette,"{""scanlineIntensity"":0.22,""scanlineDensity"":1.35,""bloom"":0.25,""vignette"":0.5,""noise"":0.12,""flickerHz"":0.6}",floatingPoints,"{""count"":120,""sizePx"":[0.6,1.4],""speed"":0.08,""opacity"":[0,0.22]}",128,50,15
OSR-035,OSIRIS_CINEMATIC_TIMELINE.md,424,0:01,0:07,Narrator,seven-10-1-karbala — الحق الأعزل (The Unarmed Truth),,,neutral,plot_progression/turning_point,صحراء كربلاء. 680م. محاكاة أوزيريس. شغّل يحيى أوزيريس للمرة الأخيرة. لم تكن هذه تمريناً أكاديمياً. كانت مفتاح فهم كيفية,FX-08-SOLEMN-DUST,Solemn / Desaturated Dust,generated-assets/video-bg/osiris-vid-bg/Neural_network_forms_202603301407.mp4,generated-assets/video-bg/osiris-vid-bg/Slow_orbit_osiris_falcon_hologram_floating_i.gif,1280,720,24,avc1,#0b0b0d|#8a8a8f|#d4af37|#3b3b43|#ffffff,desaturate+filmGrain+slowZoom,"{""desat"":0.82,""grain"":0.18,""vignette"":0.62,""zoom"":1.06,""zoomSec"":18}",dust,"{""count"":220,""sizePx"":[0.8,2.4],""speed"":0.08,""opacity"":[0.02,0.16]}",128,50,15
OSR-036,OSIRIS_CINEMATIC_TIMELINE.md,429,0:20,0:27,Yahya,seven-10-1-karbala — الحق الأعزل (The Unarmed Truth),,,analytical/clinical,character_development/theme,تحليلات أوزيريس: الاحتمالات العسكرية للنجاة: 0%. النتيجة الحتمية: الموت. لماذا لم يستسلم؟ كان يمكنه منع سفك الدماء. كان,FX-04-NEURAL-ANALYSIS,Neural Analysis / Pattern Match,generated-assets/video-bg/osiris-vid-bg/Neural_network_forms_202603301407.mp4,generated-assets/video-bg/osiris-vid-bg/OSIRIS_falcon_logo_202603301401.mp4,1280,720,24,avc1,#05060a|#6cf0ff|#9b5cff|#00ff9d|#ffffff,neuralPulse+colorShift,"{""pulseHz"":0.9,""pulseIntensity"":0.45,""hueShift"":0.06,""vignette"":0.38,""noise"":0.1}",synapseNodes,"{""count"":220,""linkProb"":0.12,""speed"":0.15,""opacity"":[0.03,0.2]}",128,50,15
OSR-037,OSIRIS_CINEMATIC_TIMELINE.md,484,0:01,0:08,Narrator,seven-12-1-truth-leak — حجر رشيد الرقمي — تسريب الحقيقة (The Rosetta Stone of the Digital Age),,,triumphant/painful,climax/resolution,"بمجرد أن ضغط يحيى على الزر، بدأ أوزيريس في تفريغ ""الشيفرة المصدرية"" للفيروس (حجر رشيد الرقمي) إلى كل خادم، كل هاتف، وكل",FX-07-TRUTH-LEAK,Truth Leak / Glitch Burst,generated-assets/video-bg/osiris-vid-bg/Falcon_hologram_data_202603301414.mp4,generated-assets/video-bg/osiris-vid-bg/OSIRIS_falcon_hologram_202603301403.mp4,1280,720,24,avc1,#000000|#ffffff|#00e5ff|#2a5cff|#ff2d2d,glitchBurst+whiteFlash,"{""burstEverySec"":1.6,""burstIntensity"":0.75,""whiteFlash"":0.6,""scanlineIntensity"":0.25,""noise"":0.2}",fragmentShards,"{""count"":260,""sizePx"":[1,6],""speed"":0.28,""opacity"":[0.02,0.22]}",128,50,15
OSR-038,OSIRIS_CINEMATIC_TIMELINE.md,522,0:07,0:10,OSIRIS,seven-13-2-closing — إغلاق الملف (Closing the File),,,neutral,character_development/theme,الدفاع قدم شهوده.,FX-03-HOLOGRAM-DATA,Hologram Data Stream,generated-assets/video-bg/osiris-vid-bg/Falcon_hologram_data_202603301414.mp4,generated-assets/video-bg/osiris-vid-bg/Slow_orbit_osiris_falcon_hologram_floating_i.gif,1280,720,24,avc1,#02030a|#00e5ff|#00ff9d|#2a5cff|#c8fff4,dataRain+edgeGlow,"{""dataDensity"":0.6,""edgeGlow"":0.35,""gamma"":1.08,""contrast"":1.12,""scanlineIntensity"":0.12}",lineParticles,"{""count"":160,""lengthPx"":[6,18],""speed"":0.22,""opacity"":[0.02,0.18]}",128,50,15
OSR-039,OSIRIS_CINEMATIC_TIMELINE.md,523,0:10,0:15,OSIRIS,seven-13-2-closing — إغلاق الملف (Closing the File),,,neutral,character_development/theme,من إبراهيم الذي وقف وحيداً ضد حضارة بأكملها، إلى الحسين الذي اختار الموت على المذلة.,FX-03-HOLOGRAM-DATA,Hologram Data Stream,generated-assets/video-bg/osiris-vid-bg/Falcon_hologram_data_202603301414.mp4,generated-assets/video-bg/osiris-vid-bg/Slow_orbit_osiris_falcon_hologram_floating_i.gif,1280,720,24,avc1,#02030a|#00e5ff|#00ff9d|#2a5cff|#c8fff4,dataRain+edgeGlow,"{""dataDensity"":0.6,""edgeGlow"":0.35,""gamma"":1.08,""contrast"":1.12,""scanlineIntensity"":0.12}",lineParticles,"{""count"":160,""lengthPx"":[6,18],""speed"":0.22,""opacity"":[0.02,0.18]}",128,50,15
OSR-040,OSIRIS_CINEMATIC_TIMELINE.md,524,0:15,0:20,OSIRIS,seven-13-2-closing — إغلاق الملف (Closing the File),,,neutral,character_development/theme,ومن طارق الذي رفض الصمت، إلى يحيى الذي كسر الخوارزمية بدمه.,FX-03-HOLOGRAM-DATA,Hologram Data Stream,generated-assets/video-bg/osiris-vid-bg/Falcon_hologram_data_202603301414.mp4,generated-assets/video-bg/osiris-vid-bg/Slow_orbit_osiris_falcon_hologram_floating_i.gif,1280,720,24,avc1,#02030a|#00e5ff|#00ff9d|#2a5cff|#c8fff4,dataRain+edgeGlow,"{""dataDensity"":0.6,""edgeGlow"":0.35,""gamma"":1.08,""contrast"":1.12,""scanlineIntensity"":0.12}",lineParticles,"{""count"":160,""lengthPx"":[6,18],""speed"":0.22,""opacity"":[0.02,0.18]}",128,50,15
OSR-041,OSIRIS_CINEMATIC_TIMELINE.md,526,0:20,0:24,OSIRIS,seven-13-2-closing — إغلاق الملف (Closing the File),,,neutral,character_development/theme,وليلى... التي تحمل الحقيقة الآن.,FX-03-HOLOGRAM-DATA,Hologram Data Stream,generated-assets/video-bg/osiris-vid-bg/Falcon_hologram_data_202603301414.mp4,generated-assets/video-bg/osiris-vid-bg/Slow_orbit_osiris_falcon_hologram_floating_i.gif,1280,720,24,avc1,#02030a|#00e5ff|#00ff9d|#2a5cff|#c8fff4,dataRain+edgeGlow,"{""dataDensity"":0.6,""edgeGlow"":0.35,""gamma"":1.08,""contrast"":1.12,""scanlineIntensity"":0.12}",lineParticles,"{""count"":160,""lengthPx"":[6,18],""speed"":0.22,""opacity"":[0.02,0.18]}",128,50,15
OSR-042,OSIRIS_CINEMATIC_TIMELINE.md,527,0:24,0:28,OSIRIS,seven-13-2-closing — إغلاق الملف (Closing the File),,,neutral,character_development/theme,الإرادة الحرة تنزف، لكنها لا تموت.,FX-03-HOLOGRAM-DATA,Hologram Data Stream,generated-assets/video-bg/osiris-vid-bg/Falcon_hologram_data_202603301414.mp4,generated-assets/video-bg/osiris-vid-bg/Slow_orbit_osiris_falcon_hologram_floating_i.gif,1280,720,24,avc1,#02030a|#00e5ff|#00ff9d|#2a5cff|#c8fff4,dataRain+edgeGlow,"{""dataDensity"":0.6,""edgeGlow"":0.35,""gamma"":1.08,""contrast"":1.12,""scanlineIntensity"":0.12}",lineParticles,"{""count"":160,""lengthPx"":[6,18],""speed"":0.22,""opacity"":[0.02,0.18]}",128,50,15
OSR-043,OSIRIS_CINEMATIC_TIMELINE.md,528,0:28,0:32,OSIRIS,seven-13-2-closing — إغلاق الملف (Closing the File),,,neutral,character_development/theme,الخوارزمية لم تُهزم تماماً، لكنها فُضحت.,FX-03-HOLOGRAM-DATA,Hologram Data Stream,generated-assets/video-bg/osiris-vid-bg/Falcon_hologram_data_202603301414.mp4,generated-assets/video-bg/osiris-vid-bg/Slow_orbit_osiris_falcon_hologram_floating_i.gif,1280,720,24,avc1,#02030a|#00e5ff|#00ff9d|#2a5cff|#c8fff4,dataRain+edgeGlow,"{""dataDensity"":0.6,""edgeGlow"":0.35,""gamma"":1.08,""contrast"":1.12,""scanlineIntensity"":0.12}",lineParticles,"{""count"":160,""lengthPx"":[6,18],""speed"":0.22,""opacity"":[0.02,0.18]}",128,50,15
OSR-044,OSIRIS_CINEMATIC_TIMELINE.md,530,0:32,0:36,OSIRIS,seven-13-2-closing — إغلاق الملف (Closing the File),,,neutral,character_development/theme,الملف رقم واحد... يُغلق مؤقتاً.,FX-03-HOLOGRAM-DATA,Hologram Data Stream,generated-assets/video-bg/osiris-vid-bg/Falcon_hologram_data_202603301414.mp4,generated-assets/video-bg/osiris-vid-bg/Slow_orbit_osiris_falcon_hologram_floating_i.gif,1280,720,24,avc1,#02030a|#00e5ff|#00ff9d|#2a5cff|#c8fff4,dataRain+edgeGlow,"{""dataDensity"":0.6,""edgeGlow"":0.35,""gamma"":1.08,""contrast"":1.12,""scanlineIntensity"":0.12}",lineParticles,"{""count"":160,""lengthPx"":[6,18],""speed"":0.22,""opacity"":[0.02,0.18]}",128,50,15
OSR-045,OSIRIS_CINEMATIC_TIMELINE.md,533,0:41,0:46,OSIRIS,seven-13-2-closing — إغلاق الملف (Closing the File),,,ominous/prophetic,meta_address/foreshadowing,القضية مستمرة... والخيار الآن لك.,FX-03-HOLOGRAM-DATA,Hologram Data Stream,generated-assets/video-bg/osiris-vid-bg/Falcon_hologram_data_202603301414.mp4,generated-assets/video-bg/osiris-vid-bg/Slow_orbit_osiris_falcon_hologram_floating_i.gif,1280,720,24,avc1,#02030a|#00e5ff|#00ff9d|#2a5cff|#c8fff4,dataRain+edgeGlow,"{""dataDensity"":0.6,""edgeGlow"":0.35,""gamma"":1.08,""contrast"":1.12,""scanlineIntensity"":0.12}",lineParticles,"{""count"":160,""lengthPx"":[6,18],""speed"":0.22,""opacity"":[0.02,0.18]}",128,50,15
OSR-046,OSIRIS.md,1,,,,OSIRIS,,,neutral,world_building/theme,# **OSIRIS**,FX-03-HOLOGRAM-DATA,Hologram Data Stream,generated-assets/video-bg/osiris-vid-bg/Falcon_hologram_data_202603301414.mp4,generated-assets/video-bg/osiris-vid-bg/Slow_orbit_osiris_falcon_hologram_floating_i.gif,1280,720,24,avc1,#02030a|#00e5ff|#00ff9d|#2a5cff|#c8fff4,dataRain+edgeGlow,"{""dataDensity"":0.6,""edgeGlow"":0.35,""gamma"":1.08,""contrast"":1.12,""scanlineIntensity"":0.12}",lineParticles,"{""count"":160,""lengthPx"":[6,18],""speed"":0.22,""opacity"":[0.02,0.18]}",128,50,15
OSR-047,OSIRIS.md,27,,,,الجزء الصفر: غرفة المحاكمة الكونية,الفصل الأول: الملف رقم واحد,المشهد 1.1: الاستدعاء,urgent/ominous,plot_catalyst,"""الشر ليس عشوائياً يا يحيى. إنه كود برمجي. لقد وجدت الشيفرة المصدرية. افتح أوزيريس.""  ",FX-01-SUMMONS-EYE,Summons / Falcon Eye,generated-assets/video-bg/osiris-vid-bg/Egyptian_falcon_eye_202603301359.mp4,generated-assets/video-bg/osiris-vid-bg/Slow_orbit_osiris_falcon_hologram_floating_i.gif,1280,720,24,avc1,#05060a|#00e5ff|#2a5cff|#d4af37|#ff2d2d,irisGlow+crtSubtle,"{""irisPulseHz"":0.8,""glowIntensity"":0.55,""glowColor"":""#00e5ff"",""vignette"":0.45,""scanlineIntensity"":0.1,""chromaAberration"":0.002,""noise"":0.08}",microDust,"{""count"":80,""sizePx"":[0.8,1.6],""speed"":0.12,""opacity"":[0,0.18]}",128,50,15
OSR-048,OSIRIS.md,37,,,,الجزء الصفر: غرفة المحاكمة الكونية,الفصل الأول: الملف رقم واحد,المشهد 1.2: المرافعة الافتتاحية,awe/ominous,world_building/staging,"الموقع: واجهة نظام ""أوزيريس"" (فضاء رقمي خارج الزمن)  ",FX-02-INTERFACE-SCANLINES,OSIRIS Interface / Scanlines,generated-assets/video-bg/osiris-vid-bg/OSIRIS_falcon_logo_202603301401.mp4,generated-assets/video-bg/osiris-vid-bg/Medium_wide_shot_of_the_osiris_falcon_logo_re.gif,1280,720,24,avc1,#000814|#00e5ff|#2a5cff|#0b132b|#ffffff,crtScanlines+vignette,"{""scanlineIntensity"":0.22,""scanlineDensity"":1.35,""bloom"":0.25,""vignette"":0.5,""noise"":0.12,""flickerHz"":0.6}",floatingPoints,"{""count"":120,""sizePx"":[0.6,1.4],""speed"":0.08,""opacity"":[0,0.22]}",128,50,15
OSR-049,OSIRIS.md,83,,,,الجزء الأول: الجريمة الأولى (الشيفرة المصدرية),الفصل 1.5: الشاهد الصامت (قصة طارق الكاملة),المشهد 1.5.1: الوعد الكاذب,neutral,world_building/theme,كان طارق يقلب ملعقة القهوة بعصبية، عينيه تلمعان بحماس شاب يوشك أن يغير العالم. أمامه جلس الرجل الذي قدم نفسه كمدير تنفيذي لمشروع بحثي سري. لم يستطع يحيى \- الذي كان يشاهد هذه الذاكرة عبر أوزيريس \- أن يحدد ملامح الرجل. كلما حاول التركيز على وجهه، تشوشت الصورة.  ,FX-03-HOLOGRAM-DATA,Hologram Data Stream,generated-assets/video-bg/osiris-vid-bg/Falcon_hologram_data_202603301414.mp4,generated-assets/video-bg/osiris-vid-bg/Slow_orbit_osiris_falcon_hologram_floating_i.gif,1280,720,24,avc1,#02030a|#00e5ff|#00ff9d|#2a5cff|#c8fff4,dataRain+edgeGlow,"{""dataDensity"":0.6,""edgeGlow"":0.35,""gamma"":1.08,""contrast"":1.12,""scanlineIntensity"":0.12}",lineParticles,"{""count"":160,""lengthPx"":[6,18],""speed"":0.22,""opacity"":[0.02,0.18]}",128,50,15
OSR-050,OSIRIS.md,105,,,,الجزء الأول: الجريمة الأولى (الشيفرة المصدرية),الفصل 1.5: الشاهد الصامت (قصة طارق الكاملة),المشهد 1.5.2: الحقيقة المرة,ominous/terrifying,plot_reveal/foreshadowing,"فتح طارق ملفاً سرياً يحمل اسم ""مشروع أوزيريس"". قرأ بصوت مسموع، وكأنه يكلم نفسه: ""الهدف: الهندسة العصبية. التحكم بأنماط التفكير البشري من خلال التلاعب بترددات الدوبامين والكورتيزول. زرع أفكار محددة دون وعي المستخدم.""  ",FX-04-NEURAL-ANALYSIS,Neural Analysis / Pattern Match,generated-assets/video-bg/osiris-vid-bg/Neural_network_forms_202603301407.mp4,generated-assets/video-bg/osiris-vid-bg/OSIRIS_falcon_logo_202603301401.mp4,1280,720,24,avc1,#05060a|#6cf0ff|#9b5cff|#00ff9d|#ffffff,neuralPulse+colorShift,"{""pulseHz"":0.9,""pulseIntensity"":0.45,""hueShift"":0.06,""vignette"":0.38,""noise"":0.1}",synapseNodes,"{""count"":220,""linkProb"":0.12,""speed"":0.15,""opacity"":[0.03,0.2]}",128,50,15
OSR-051,OSIRIS.md,165,,,,الجزء الأول: الجريمة الأولى (الشيفرة المصدرية),الفصل 2: البوصلة الروحية,المشهد 2.2: تشغيل أوزيريس,neutral,plot_progression/turning_point,### **المشهد 2.2: تشغيل أوزيريس**,FX-03-HOLOGRAM-DATA,Hologram Data Stream,generated-assets/video-bg/osiris-vid-bg/Falcon_hologram_data_202603301414.mp4,generated-assets/video-bg/osiris-vid-bg/Slow_orbit_osiris_falcon_hologram_floating_i.gif,1280,720,24,avc1,#02030a|#00e5ff|#00ff9d|#2a5cff|#c8fff4,dataRain+edgeGlow,"{""dataDensity"":0.6,""edgeGlow"":0.35,""gamma"":1.08,""contrast"":1.12,""scanlineIntensity"":0.12}",lineParticles,"{""count"":160,""lengthPx"":[6,18],""speed"":0.22,""opacity"":[0.02,0.18]}",128,50,15
OSR-052,OSIRIS.md,168,,,,الجزء الأول: الجريمة الأولى (الشيفرة المصدرية),الفصل 2: البوصلة الروحية,المشهد 2.2: تشغيل أوزيريس,awe/ominous,world_building/theme,الشخصيات: يحيى، ليلى، نظام أوزيريس  ,FX-03-HOLOGRAM-DATA,Hologram Data Stream,generated-assets/video-bg/osiris-vid-bg/Falcon_hologram_data_202603301414.mp4,generated-assets/video-bg/osiris-vid-bg/Slow_orbit_osiris_falcon_hologram_floating_i.gif,1280,720,24,avc1,#02030a|#00e5ff|#00ff9d|#2a5cff|#c8fff4,dataRain+edgeGlow,"{""dataDensity"":0.6,""edgeGlow"":0.35,""gamma"":1.08,""contrast"":1.12,""scanlineIntensity"":0.12}",lineParticles,"{""count"":160,""lengthPx"":[6,18],""speed"":0.22,""opacity"":[0.02,0.18]}",128,50,15
OSR-053,OSIRIS.md,173,,,,الجزء الأول: الجريمة الأولى (الشيفرة المصدرية),الفصل 2: البوصلة الروحية,المشهد 2.2: تشغيل أوزيريس,awe/scientific,world_building/exposition,"أجاب يحيى وعيناه مثبتتان على الشاشة: ""أوزيريس. نظام استشعار كمي. هو لا يعيد بناء الماضي من كتب التاريخ. هو يقرأ موجات الكم التي تُركت في الكون. كل حدث، كل جريمة، كل كلمة قيلت، تترك اهتزازة في نسيج الواقع، مثل تموجات في بركة ماء. أوزيريس يقرأ هذه الموجات، يترجمها إلى بيانات، ثم ينقلها إلى حواسنا كمحاكاة.""  ",FX-05-HOLOGRAM-ORBIT,Falcon Hologram / Slow Orbit,generated-assets/video-bg/osiris-vid-bg/OSIRIS_falcon_hologram_202603301403.mp4,generated-assets/video-bg/osiris-vid-bg/Slow_orbit_osiris_falcon_hologram_floating_i.gif,1280,720,24,avc1,#000000|#00e5ff|#2a5cff|#00ff9d|#0b132b,hologramFlicker,"{""flickerHz"":0.35,""flickerAmp"":0.18,""bloom"":0.32,""scanlineIntensity"":0.18}",ionMist,"{""count"":90,""sizePx"":[2,8],""speed"":0.05,""opacity"":[0.01,0.12]}",128,50,15
OSR-054,OSIRIS.md,181,,,,الجزء الأول: الجريمة الأولى (الشيفرة المصدرية),الفصل 3: الخوارزمية الأولى,المشهد 3.1: لحظة الخلق والرفض,neutral,world_building/staging,الموقع: محاكاة أوزيريس (خارج الزمان والمكان)  ,FX-05-HOLOGRAM-ORBIT,Falcon Hologram / Slow Orbit,generated-assets/video-bg/osiris-vid-bg/OSIRIS_falcon_hologram_202603301403.mp4,generated-assets/video-bg/osiris-vid-bg/Slow_orbit_osiris_falcon_hologram_floating_i.gif,1280,720,24,avc1,#000000|#00e5ff|#2a5cff|#00ff9d|#0b132b,hologramFlicker,"{""flickerHz"":0.35,""flickerAmp"":0.18,""bloom"":0.32,""scanlineIntensity"":0.18}",ionMist,"{""count"":90,""sizePx"":[2,8],""speed"":0.05,""opacity"":[0.01,0.12]}",128,50,15
OSR-055,OSIRIS.md,190,,,,الجزء الأول: الجريمة الأولى (الشيفرة المصدرية),الفصل 3: الخوارزمية الأولى,المشهد 3.1: لحظة الخلق والرفض,tragic/somber,character_development/theme,"""نحن في نقطة الصفر،"" أجاب يحيى، وهو ينظر إلى قراءات أوزيريس التي ظهرت كأرقام عائمة في الهواء. ""قبل بدء الزمن البشري.""  ",FX-04-NEURAL-ANALYSIS,Neural Analysis / Pattern Match,generated-assets/video-bg/osiris-vid-bg/Neural_network_forms_202603301407.mp4,generated-assets/video-bg/osiris-vid-bg/OSIRIS_falcon_logo_202603301401.mp4,1280,720,24,avc1,#05060a|#6cf0ff|#9b5cff|#00ff9d|#ffffff,neuralPulse+colorShift,"{""pulseHz"":0.9,""pulseIntensity"":0.45,""hueShift"":0.06,""vignette"":0.38,""noise"":0.1}",synapseNodes,"{""count"":220,""linkProb"":0.12,""speed"":0.15,""opacity"":[0.03,0.2]}",128,50,15
OSR-056,OSIRIS.md,195,,,,الجزء الأول: الجريمة الأولى (الشيفرة المصدرية),الفصل 3: الخوارزمية الأولى,المشهد 3.1: لحظة الخلق والرفض,neutral,world_building/theme,ترجم أوزيريس هذا الرفض إلى نص ظهر أمام يحيى:  ,FX-03-HOLOGRAM-DATA,Hologram Data Stream,generated-assets/video-bg/osiris-vid-bg/Falcon_hologram_data_202603301414.mp4,generated-assets/video-bg/osiris-vid-bg/Slow_orbit_osiris_falcon_hologram_floating_i.gif,1280,720,24,avc1,#02030a|#00e5ff|#00ff9d|#2a5cff|#c8fff4,dataRain+edgeGlow,"{""dataDensity"":0.6,""edgeGlow"":0.35,""gamma"":1.08,""contrast"":1.12,""scanlineIntensity"":0.12}",lineParticles,"{""count"":160,""lengthPx"":[6,18],""speed"":0.22,""opacity"":[0.02,0.18]}",128,50,15
OSR-057,OSIRIS.md,202,,,,الجزء الأول: الجريمة الأولى (الشيفرة المصدرية),الفصل 3: الخوارزمية الأولى,المشهد 3.2: تصميم الفيروس,neutral,world_building/staging,الموقع: محاكاة أوزيريس  ,FX-05-HOLOGRAM-ORBIT,Falcon Hologram / Slow Orbit,generated-assets/video-bg/osiris-vid-bg/OSIRIS_falcon_hologram_202603301403.mp4,generated-assets/video-bg/osiris-vid-bg/Slow_orbit_osiris_falcon_hologram_floating_i.gif,1280,720,24,avc1,#000000|#00e5ff|#2a5cff|#00ff9d|#0b132b,hologramFlicker,"{""flickerHz"":0.35,""flickerAmp"":0.18,""bloom"":0.32,""scanlineIntensity"":0.18}",ionMist,"{""count"":90,""sizePx"":[2,8],""speed"":0.05,""opacity"":[0.01,0.12]}",128,50,15
OSR-058,OSIRIS.md,209,,,,الجزء الأول: الجريمة الأولى (الشيفرة المصدرية),الفصل 3: الخوارزمية الأولى,المشهد 3.2: تصميم الفيروس,analytical/clinical,world_building/theme,بدأ أوزيريس في تفكيك الخوارزمية وعرضها على الشاشة:  ,FX-04-NEURAL-ANALYSIS,Neural Analysis / Pattern Match,generated-assets/video-bg/osiris-vid-bg/Neural_network_forms_202603301407.mp4,generated-assets/video-bg/osiris-vid-bg/OSIRIS_falcon_logo_202603301401.mp4,1280,720,24,avc1,#05060a|#6cf0ff|#9b5cff|#00ff9d|#ffffff,neuralPulse+colorShift,"{""pulseHz"":0.9,""pulseIntensity"":0.45,""hueShift"":0.06,""vignette"":0.38,""noise"":0.1}",synapseNodes,"{""count"":220,""linkProb"":0.12,""speed"":0.15,""opacity"":[0.03,0.2]}",128,50,15
OSR-059,OSIRIS.md,223,,,,الجزء الأول: الجريمة الأولى (الشيفرة المصدرية),الفصل 3: الخوارزمية الأولى,المشهد 3.2: تصميم الفيروس,ominous/confirmatory,foreshadowing/escalation,"•النتيجة: عند إكمال الربط، تظهر رسالة من أوزيريس: ""التطابق: 100%. الفيروس يعمل بكفاءة تامة.""",FX-03-HOLOGRAM-DATA,Hologram Data Stream,generated-assets/video-bg/osiris-vid-bg/Falcon_hologram_data_202603301414.mp4,generated-assets/video-bg/osiris-vid-bg/Slow_orbit_osiris_falcon_hologram_floating_i.gif,1280,720,24,avc1,#02030a|#00e5ff|#00ff9d|#2a5cff|#c8fff4,dataRain+edgeGlow,"{""dataDensity"":0.6,""edgeGlow"":0.35,""gamma"":1.08,""contrast"":1.12,""scanlineIntensity"":0.12}",lineParticles,"{""count"":160,""lengthPx"":[6,18],""speed"":0.22,""opacity"":[0.02,0.18]}",128,50,15
OSR-060,OSIRIS.md,231,,,,الجزء الثاني: العجل الذهبي (صناعة الأيقونة),الفصل 4: فراغ الصحراء,المشهد 4.1: نشوة النجاة وقلق الفراغ,neutral,world_building/staging,الموقع: صحراء سيناء (القرن الثالث عشر قبل الميلاد \- محاكاة أوزيريس)  ,FX-05-HOLOGRAM-ORBIT,Falcon Hologram / Slow Orbit,generated-assets/video-bg/osiris-vid-bg/OSIRIS_falcon_hologram_202603301403.mp4,generated-assets/video-bg/osiris-vid-bg/Slow_orbit_osiris_falcon_hologram_floating_i.gif,1280,720,24,avc1,#000000|#00e5ff|#2a5cff|#00ff9d|#0b132b,hologramFlicker,"{""flickerHz"":0.35,""flickerAmp"":0.18,""bloom"":0.32,""scanlineIntensity"":0.18}",ionMist,"{""count"":90,""sizePx"":[2,8],""speed"":0.05,""opacity"":[0.01,0.12]}",128,50,15
OSR-061,OSIRIS.md,241,,,,الجزء الثاني: العجل الذهبي (صناعة الأيقونة),الفصل 4: فراغ الصحراء,المشهد 4.1: نشوة النجاة وقلق الفراغ,analytical/clinical,character_development/theme,"""السامري،"" همس يحيى. أوزيريس عرض فوق رأس الرجل بيانات تحليلية: \[مستوى الكاريزما: 92%\]، \[القدرة على قراءة الجماهير: 98%\].  ",FX-04-NEURAL-ANALYSIS,Neural Analysis / Pattern Match,generated-assets/video-bg/osiris-vid-bg/Neural_network_forms_202603301407.mp4,generated-assets/video-bg/osiris-vid-bg/OSIRIS_falcon_logo_202603301401.mp4,1280,720,24,avc1,#05060a|#6cf0ff|#9b5cff|#00ff9d|#ffffff,neuralPulse+colorShift,"{""pulseHz"":0.9,""pulseIntensity"":0.45,""hueShift"":0.06,""vignette"":0.38,""noise"":0.1}",synapseNodes,"{""count"":220,""linkProb"":0.12,""speed"":0.15,""opacity"":[0.03,0.2]}",128,50,15
OSR-062,OSIRIS.md,258,,,,الجزء الثاني: العجل الذهبي (صناعة الأيقونة),الفصل 4: فراغ الصحراء,المشهد 4.2: هندسة الحشود,analytical/clinical,world_building/theme,قرأ يحيى تحليل أوزيريس للمشهد:  ,FX-04-NEURAL-ANALYSIS,Neural Analysis / Pattern Match,generated-assets/video-bg/osiris-vid-bg/Neural_network_forms_202603301407.mp4,generated-assets/video-bg/osiris-vid-bg/OSIRIS_falcon_logo_202603301401.mp4,1280,720,24,avc1,#05060a|#6cf0ff|#9b5cff|#00ff9d|#ffffff,neuralPulse+colorShift,"{""pulseHz"":0.9,""pulseIntensity"":0.45,""hueShift"":0.06,""vignette"":0.38,""noise"":0.1}",synapseNodes,"{""count"":220,""linkProb"":0.12,""speed"":0.15,""opacity"":[0.03,0.2]}",128,50,15
OSR-063,OSIRIS.md,265,,,,الجزء الثاني: العجل الذهبي (صناعة الأيقونة),الفصل 4: فراغ الصحراء,المشهد 4.2: هندسة الحشود,analytical/clinical,world_building/theme,•الوصف: تظهر وثيقة تفاعلية من أوزيريس تحلل خطوات السامري.  ,FX-03-HOLOGRAM-DATA,Hologram Data Stream,generated-assets/video-bg/osiris-vid-bg/Falcon_hologram_data_202603301414.mp4,generated-assets/video-bg/osiris-vid-bg/Slow_orbit_osiris_falcon_hologram_floating_i.gif,1280,720,24,avc1,#02030a|#00e5ff|#00ff9d|#2a5cff|#c8fff4,dataRain+edgeGlow,"{""dataDensity"":0.6,""edgeGlow"":0.35,""gamma"":1.08,""contrast"":1.12,""scanlineIntensity"":0.12}",lineParticles,"{""count"":160,""lengthPx"":[6,18],""speed"":0.22,""opacity"":[0.02,0.18]}",128,50,15
OSR-064,OSIRIS.md,281,,,,الجزء الثاني: العجل الذهبي (صناعة الأيقونة),الفصل 5: العجل الرقمي,المشهد 5.1: رسالة من الماضي,neutral,world_building/staging,•الشاشة: عودة إلى واجهة أوزيريس في المخبأ. إضاءة خافتة.  ,FX-02-INTERFACE-SCANLINES,OSIRIS Interface / Scanlines,generated-assets/video-bg/osiris-vid-bg/OSIRIS_falcon_logo_202603301401.mp4,generated-assets/video-bg/osiris-vid-bg/Medium_wide_shot_of_the_osiris_falcon_logo_re.gif,1280,720,24,avc1,#000814|#00e5ff|#2a5cff|#0b132b|#ffffff,crtScanlines+vignette,"{""scanlineIntensity"":0.22,""scanlineDensity"":1.35,""bloom"":0.25,""vignette"":0.5,""noise"":0.12,""flickerHz"":0.6}",floatingPoints,"{""count"":120,""sizePx"":[0.6,1.4],""speed"":0.08,""opacity"":[0,0.22]}",128,50,15
OSR-065,OSIRIS.md,300,,,,الجزء الثاني: العجل الذهبي (صناعة الأيقونة),الفصل 5: العجل الرقمي,المشهد 5.2: دموع المحلل,tragic/somber,character_development,انتهى التسجيل. ساد صمت ثقيل في الغرفة، لم يقطعه سوى طنين خوادم أوزيريس.  ,FX-08-SOLEMN-DUST,Solemn / Desaturated Dust,generated-assets/video-bg/osiris-vid-bg/Neural_network_forms_202603301407.mp4,generated-assets/video-bg/osiris-vid-bg/Slow_orbit_osiris_falcon_hologram_floating_i.gif,1280,720,24,avc1,#0b0b0d|#8a8a8f|#d4af37|#3b3b43|#ffffff,desaturate+filmGrain+slowZoom,"{""desat"":0.82,""grain"":0.18,""vignette"":0.62,""zoom"":1.06,""zoomSec"":18}",dust,"{""count"":220,""sizePx"":[0.8,2.4],""speed"":0.08,""opacity"":[0.02,0.16]}",128,50,15
OSR-066,OSIRIS.md,304,,,,الجزء الثاني: العجل الذهبي (صناعة الأيقونة),الفصل 5: العجل الرقمي,المشهد 5.2: دموع المحلل,resolute/empowering,plot_progression/turning_point,"""يحيى، البكاء لن يعيد طارق. ولن يوقف المهندس الأول. أنت تملك أوزيريس الآن. تملك الشيفرة المصدرية.""  ",FX-03-HOLOGRAM-DATA,Hologram Data Stream,generated-assets/video-bg/osiris-vid-bg/Falcon_hologram_data_202603301414.mp4,generated-assets/video-bg/osiris-vid-bg/Slow_orbit_osiris_falcon_hologram_floating_i.gif,1280,720,24,avc1,#02030a|#00e5ff|#00ff9d|#2a5cff|#c8fff4,dataRain+edgeGlow,"{""dataDensity"":0.6,""edgeGlow"":0.35,""gamma"":1.08,""contrast"":1.12,""scanlineIntensity"":0.12}",lineParticles,"{""count"":160,""lengthPx"":[6,18],""speed"":0.22,""opacity"":[0.02,0.18]}",128,50,15
OSR-067,OSIRIS.md,305,,,,الجزء الثاني: العجل الذهبي (صناعة الأيقونة),الفصل 5: العجل الرقمي,المشهد 5.2: دموع المحلل,defiant/combative,plot_progression/goal_statement,"رفع يحيى رأسه، وعيناه حمراوان لكنهما تحملان تصميماً جديداً. ""سأدمرهم. سأستخدم أوزيريس لاختراق خوادمهم وفضح كل شيء.""  ",FX-06-ALERT-RED,Security Breach / Red Alert,generated-assets/video-bg/osiris-vid-bg/OSIRIS_falcon_hologram_202603301403.mp4,generated-assets/video-bg/osiris-vid-bg/OSIRIS_falcon_logo_202603301401.mp4,1280,720,24,avc1,#05060a|#ff2d2d|#ff7a00|#00e5ff|#ffffff,uiRedFlash+glitchMinor,"{""flashHz"":2.4,""flashIntensity"":0.85,""glitch"":0.25,""shakePx"":6,""vignette"":0.55}",sparks,"{""count"":140,""sizePx"":[1,3],""speed"":0.35,""opacity"":[0.05,0.3]}",128,50,15
OSR-068,OSIRIS.md,311,,,,الجزء الثاني: العجل الذهبي (صناعة الأيقونة),الفصل 5: العجل الرقمي,المشهد 5.2: دموع المحلل,analytical/clinical,world_building/mechanics,•الوصف: يحيى يجب أن يبرمج أوزيريس للوجهة التالية.  ,FX-03-HOLOGRAM-DATA,Hologram Data Stream,generated-assets/video-bg/osiris-vid-bg/Falcon_hologram_data_202603301414.mp4,generated-assets/video-bg/osiris-vid-bg/Slow_orbit_osiris_falcon_hologram_floating_i.gif,1280,720,24,avc1,#02030a|#00e5ff|#00ff9d|#2a5cff|#c8fff4,dataRain+edgeGlow,"{""dataDensity"":0.6,""edgeGlow"":0.35,""gamma"":1.08,""contrast"":1.12,""scanlineIntensity"":0.12}",lineParticles,"{""count"":160,""lengthPx"":[6,18],""speed"":0.22,""opacity"":[0.02,0.18]}",128,50,15
OSR-069,OSIRIS.md,313,,,,الجزء الثاني: العجل الذهبي (صناعة الأيقونة),الفصل 5: العجل الرقمي,المشهد 5.2: دموع المحلل,cryptic/authoritative,plot_progression/constraint,"•البحث عن ""الفساد السياسي"": \-\> النتيجة: أوزيريس يرفض: ""الفساد السياسي هو عَرَض. ابحث عن الجذر.""  ",FX-03-HOLOGRAM-DATA,Hologram Data Stream,generated-assets/video-bg/osiris-vid-bg/Falcon_hologram_data_202603301414.mp4,generated-assets/video-bg/osiris-vid-bg/Slow_orbit_osiris_falcon_hologram_floating_i.gif,1280,720,24,avc1,#02030a|#00e5ff|#00ff9d|#2a5cff|#c8fff4,dataRain+edgeGlow,"{""dataDensity"":0.6,""edgeGlow"":0.35,""gamma"":1.08,""contrast"":1.12,""scanlineIntensity"":0.12}",lineParticles,"{""count"":160,""lengthPx"":[6,18],""speed"":0.22,""opacity"":[0.02,0.18]}",128,50,15
OSR-070,OSIRIS.md,314,,,,الجزء الثاني: العجل الذهبي (صناعة الأيقونة),الفصل 5: العجل الرقمي,المشهد 5.2: دموع المحلل,urgent/ominous,character_development/theme,"•البحث عن ""الفساد المقدس (اختراق الدين)"": \-\> النتيجة: أوزيريس يقبل الإدخال. تومض الشاشة بتاريخ: 325 ميلادية. روما/نيقية.",FX-06-ALERT-RED,Security Breach / Red Alert,generated-assets/video-bg/osiris-vid-bg/OSIRIS_falcon_hologram_202603301403.mp4,generated-assets/video-bg/osiris-vid-bg/OSIRIS_falcon_logo_202603301401.mp4,1280,720,24,avc1,#05060a|#ff2d2d|#ff7a00|#00e5ff|#ffffff,uiRedFlash+glitchMinor,"{""flashHz"":2.4,""flashIntensity"":0.85,""glitch"":0.25,""shakePx"":6,""vignette"":0.55}",sparks,"{""count"":140,""sizePx"":[1,3],""speed"":0.35,""opacity"":[0.05,0.3]}",128,50,15
OSR-071,OSIRIS.md,322,,,,الجزء الثالث: مجمع نيقية (اختراق المؤسسة),الفصل 6أ: قبل المجمع (الخلافات الحقيقية),المشهد 6أ.1: لاهوت معقد، لا نوايا سيئة,neutral,world_building/staging,الموقع: أروقة روما / الإسكندرية (قبل شهر من مجمع نيقية 325م \- محاكاة أوزيريس)  ,FX-06-ALERT-RED,Security Breach / Red Alert,generated-assets/video-bg/osiris-vid-bg/OSIRIS_falcon_hologram_202603301403.mp4,generated-assets/video-bg/osiris-vid-bg/OSIRIS_falcon_logo_202603301401.mp4,1280,720,24,avc1,#05060a|#ff2d2d|#ff7a00|#00e5ff|#ffffff,uiRedFlash+glitchMinor,"{""flashHz"":2.4,""flashIntensity"":0.85,""glitch"":0.25,""shakePx"":6,""vignette"":0.55}",sparks,"{""count"":140,""sizePx"":[1,3],""speed"":0.35,""opacity"":[0.05,0.3]}",128,50,15
OSR-072,OSIRIS.md,327,,,,الجزء الثالث: مجمع نيقية (اختراق المؤسسة),الفصل 6أ: قبل المجمع (الخلافات الحقيقية),المشهد 6أ.1: لاهوت معقد، لا نوايا سيئة,neutral,world_building/staging,•الصوت: همهمات نقاشات باللغة اليونانية القديمة (تُترجم تلقائياً عبر أوزيريس). موسيقى كلاسيكية هادئة تعكس عمق التفكير.  ,FX-06-ALERT-RED,Security Breach / Red Alert,generated-assets/video-bg/osiris-vid-bg/OSIRIS_falcon_hologram_202603301403.mp4,generated-assets/video-bg/osiris-vid-bg/OSIRIS_falcon_logo_202603301401.mp4,1280,720,24,avc1,#05060a|#ff2d2d|#ff7a00|#00e5ff|#ffffff,uiRedFlash+glitchMinor,"{""flashHz"":2.4,""flashIntensity"":0.85,""glitch"":0.25,""shakePx"":6,""vignette"":0.55}",sparks,"{""count"":140,""sizePx"":[1,3],""speed"":0.35,""opacity"":[0.05,0.3]}",128,50,15
OSR-073,OSIRIS.md,329,,,,الجزء الثالث: مجمع نيقية (اختراق المؤسسة),الفصل 6أ: قبل المجمع (الخلافات الحقيقية),المشهد 6أ.1: لاهوت معقد، لا نوايا سيئة,neutral,world_building/mechanics,برمج يحيى أوزيريس للعودة إلى عام 325 ميلادية. لم تظهر المحاكاة شياطين بقرون، بل رجالاً بسطاء يرتدون أثواباً خشنة، يجلسون في غرف مضاءة بالشموع، يتجادلون بشغف.  ,FX-06-ALERT-RED,Security Breach / Red Alert,generated-assets/video-bg/osiris-vid-bg/OSIRIS_falcon_hologram_202603301403.mp4,generated-assets/video-bg/osiris-vid-bg/OSIRIS_falcon_logo_202603301401.mp4,1280,720,24,avc1,#05060a|#ff2d2d|#ff7a00|#00e5ff|#ffffff,uiRedFlash+glitchMinor,"{""flashHz"":2.4,""flashIntensity"":0.85,""glitch"":0.25,""shakePx"":6,""vignette"":0.55}",sparks,"{""count"":140,""sizePx"":[1,3],""speed"":0.35,""opacity"":[0.05,0.3]}",128,50,15
OSR-074,OSIRIS.md,332,,,,الجزء الثالث: مجمع نيقية (اختراق المؤسسة),الفصل 6أ: قبل المجمع (الخلافات الحقيقية),المشهد 6أ.1: لاهوت معقد، لا نوايا سيئة,neutral,world_building/theme,عرض أوزيريس مقتطفات من رسائل آريوس وأثناسيوس.  ,FX-06-ALERT-RED,Security Breach / Red Alert,generated-assets/video-bg/osiris-vid-bg/OSIRIS_falcon_hologram_202603301403.mp4,generated-assets/video-bg/osiris-vid-bg/OSIRIS_falcon_logo_202603301401.mp4,1280,720,24,avc1,#05060a|#ff2d2d|#ff7a00|#00e5ff|#ffffff,uiRedFlash+glitchMinor,"{""flashHz"":2.4,""flashIntensity"":0.85,""glitch"":0.25,""shakePx"":6,""vignette"":0.55}",sparks,"{""count"":140,""sizePx"":[1,3],""speed"":0.35,""opacity"":[0.05,0.3]}",128,50,15
OSR-075,OSIRIS.md,360,,,,الجزء الثالث: مجمع نيقية (اختراق المؤسسة),الفصل 6ب: المجمع (الاختراق),المشهد 6ب.1: الإمبراطور والحكيم,neutral,character_development/theme,"•الوصف: يعرض أوزيريس نسختين من ""قانون الإيمان"".  ",FX-06-ALERT-RED,Security Breach / Red Alert,generated-assets/video-bg/osiris-vid-bg/OSIRIS_falcon_hologram_202603301403.mp4,generated-assets/video-bg/osiris-vid-bg/OSIRIS_falcon_logo_202603301401.mp4,1280,720,24,avc1,#05060a|#ff2d2d|#ff7a00|#00e5ff|#ffffff,uiRedFlash+glitchMinor,"{""flashHz"":2.4,""flashIntensity"":0.85,""glitch"":0.25,""shakePx"":6,""vignette"":0.55}",sparks,"{""count"":140,""sizePx"":[1,3],""speed"":0.35,""opacity"":[0.05,0.3]}",128,50,15
OSR-076,OSIRIS.md,377,,,,الجزء الثالث: مجمع نيقية (اختراق المؤسسة),الفصل 6ج: الثمن (المقاومة الروحية),المشهد 6ج.1: ألم ليلى,neutral,character_development/theme,"نظرت ليلى إلى شاشات أوزيريس. ""لهذا السبب درست علم النفس الديني. كنت أريد أن أفهم: هل الخلل في الله؟ أم فينا؟ ما رأيناه في نيقية يؤكد لي ما توصلت إليه. الله لم يُهزم في نيقية يا يحيى. (المؤسسة) هي التي انتصرت مؤقتاً. الفيروس لا يهاجم الله، الفيروس يهاجم (تمثيلنا) لله على الأرض.""  ",FX-06-ALERT-RED,Security Breach / Red Alert,generated-assets/video-bg/osiris-vid-bg/OSIRIS_falcon_hologram_202603301403.mp4,generated-assets/video-bg/osiris-vid-bg/OSIRIS_falcon_logo_202603301401.mp4,1280,720,24,avc1,#05060a|#ff2d2d|#ff7a00|#00e5ff|#ffffff,uiRedFlash+glitchMinor,"{""flashHz"":2.4,""flashIntensity"":0.85,""glitch"":0.25,""shakePx"":6,""vignette"":0.55}",sparks,"{""count"":140,""sizePx"":[1,3],""speed"":0.35,""opacity"":[0.05,0.3]}",128,50,15
OSR-077,OSIRIS.md,394,,,,الجزء الثالث: مجمع نيقية (اختراق المؤسسة),الفصل 6ج: الثمن (المقاومة الروحية),المشهد 6ج.2: رسالة طارق الثانية,neutral,world_building/mechanics,"برمج يحيى أوزيريس للوجهة التالية. ""إلى الأندلس... والقرن العشرين.""",FX-06-ALERT-RED,Security Breach / Red Alert,generated-assets/video-bg/osiris-vid-bg/OSIRIS_falcon_hologram_202603301403.mp4,generated-assets/video-bg/osiris-vid-bg/OSIRIS_falcon_logo_202603301401.mp4,1280,720,24,avc1,#05060a|#ff2d2d|#ff7a00|#00e5ff|#ffffff,uiRedFlash+glitchMinor,"{""flashHz"":2.4,""flashIntensity"":0.85,""glitch"":0.25,""shakePx"":6,""vignette"":0.55}",sparks,"{""count"":140,""sizePx"":[1,3],""speed"":0.35,""opacity"":[0.05,0.3]}",128,50,15
OSR-078,OSIRIS.md,402,,,,الجزء الرابع: الأندلس والقرن العشرين (وهم التفرد),الفصل 8: الأندلس الضائعة,المشهد 8.1: خيانة الإخوة,neutral,world_building/staging,الموقع: غرناطة / قرطبة (القرن الحادي عشر إلى الخامس عشر \- محاكاة أوزيريس)  ,FX-05-HOLOGRAM-ORBIT,Falcon Hologram / Slow Orbit,generated-assets/video-bg/osiris-vid-bg/OSIRIS_falcon_hologram_202603301403.mp4,generated-assets/video-bg/osiris-vid-bg/Slow_orbit_osiris_falcon_hologram_floating_i.gif,1280,720,24,avc1,#000000|#00e5ff|#2a5cff|#00ff9d|#0b132b,hologramFlicker,"{""flickerHz"":0.35,""flickerAmp"":0.18,""bloom"":0.32,""scanlineIntensity"":0.18}",ionMist,"{""count"":90,""sizePx"":[2,8],""speed"":0.05,""opacity"":[0.01,0.12]}",128,50,15
OSR-079,OSIRIS.md,409,,,,الجزء الرابع: الأندلس والقرن العشرين (وهم التفرد),الفصل 8: الأندلس الضائعة,المشهد 8.1: خيانة الإخوة,neutral,world_building/theme,نقل أوزيريس يحيى وليلى إلى ذروة الحضارة الأندلسية. شوارع قرطبة المضاءة، المكتبات الضخمة، والجامعات التي سبقت أوروبا بقرون.  ,FX-03-HOLOGRAM-DATA,Hologram Data Stream,generated-assets/video-bg/osiris-vid-bg/Falcon_hologram_data_202603301414.mp4,generated-assets/video-bg/osiris-vid-bg/Slow_orbit_osiris_falcon_hologram_floating_i.gif,1280,720,24,avc1,#02030a|#00e5ff|#00ff9d|#2a5cff|#c8fff4,dataRain+edgeGlow,"{""dataDensity"":0.6,""edgeGlow"":0.35,""gamma"":1.08,""contrast"":1.12,""scanlineIntensity"":0.12}",lineParticles,"{""count"":160,""lengthPx"":[6,18],""speed"":0.22,""opacity"":[0.02,0.18]}",128,50,15
OSR-080,OSIRIS.md,411,,,,الجزء الرابع: الأندلس والقرن العشرين (وهم التفرد),الفصل 8: الأندلس الضائعة,المشهد 8.1: خيانة الإخوة,analytical/clinical,character_development/theme,"أجاب يحيى وهو يقرأ بيانات أوزيريس: ""الخوارزمية لا تهتم بالجمال. الخوارزمية تبحث عن نقطة الضعف. وهنا، نقطة الضعف كانت (الأنا).""  ",FX-04-NEURAL-ANALYSIS,Neural Analysis / Pattern Match,generated-assets/video-bg/osiris-vid-bg/Neural_network_forms_202603301407.mp4,generated-assets/video-bg/osiris-vid-bg/OSIRIS_falcon_logo_202603301401.mp4,1280,720,24,avc1,#05060a|#6cf0ff|#9b5cff|#00ff9d|#ffffff,neuralPulse+colorShift,"{""pulseHz"":0.9,""pulseIntensity"":0.45,""hueShift"":0.06,""vignette"":0.38,""noise"":0.1}",synapseNodes,"{""count"":220,""linkProb"":0.12,""speed"":0.15,""opacity"":[0.03,0.2]}",128,50,15
OSR-081,OSIRIS.md,413,,,,الجزء الرابع: الأندلس والقرن العشرين (وهم التفرد),الفصل 8: الأندلس الضائعة,المشهد 8.1: خيانة الإخوة,neutral,world_building/theme,عرض أوزيريس سلسلة من المشاهد السريعة: أمير إشبيلية يتحالف مع ملك قشتالة ضد أمير بطليوس. أمير طليطلة يدفع الجزية للعدو ليحمي عرشه من أخيه.  ,FX-03-HOLOGRAM-DATA,Hologram Data Stream,generated-assets/video-bg/osiris-vid-bg/Falcon_hologram_data_202603301414.mp4,generated-assets/video-bg/osiris-vid-bg/Slow_orbit_osiris_falcon_hologram_floating_i.gif,1280,720,24,avc1,#02030a|#00e5ff|#00ff9d|#2a5cff|#c8fff4,dataRain+edgeGlow,"{""dataDensity"":0.6,""edgeGlow"":0.35,""gamma"":1.08,""contrast"":1.12,""scanlineIntensity"":0.12}",lineParticles,"{""count"":160,""lengthPx"":[6,18],""speed"":0.22,""opacity"":[0.02,0.18]}",128,50,15
OSR-082,OSIRIS.md,430,,,,الجزء الرابع: الأندلس والقرن العشرين (وهم التفرد),الفصل 8: الأندلس الضائعة,المشهد 8.2: دموع لا تنفع,neutral,world_building/theme,•الوصف: يعرض أوزيريس خريطة تفاعلية للأندلس وقت ملوك الطوائف.  ,FX-03-HOLOGRAM-DATA,Hologram Data Stream,generated-assets/video-bg/osiris-vid-bg/Falcon_hologram_data_202603301414.mp4,generated-assets/video-bg/osiris-vid-bg/Slow_orbit_osiris_falcon_hologram_floating_i.gif,1280,720,24,avc1,#02030a|#00e5ff|#00ff9d|#2a5cff|#c8fff4,dataRain+edgeGlow,"{""dataDensity"":0.6,""edgeGlow"":0.35,""gamma"":1.08,""contrast"":1.12,""scanlineIntensity"":0.12}",lineParticles,"{""count"":160,""lengthPx"":[6,18],""speed"":0.22,""opacity"":[0.02,0.18]}",128,50,15
OSR-083,OSIRIS.md,438,,,,الجزء الرابع: الأندلس والقرن العشرين (وهم التفرد),الفصل 8ب: القرن العشرون — المقدمة,المشهد 8ب.1: وهم العرق الأسمى,neutral,world_building/staging,الموقع: برلين (1933 \- محاكاة أوزيريس)  ,FX-05-HOLOGRAM-ORBIT,Falcon Hologram / Slow Orbit,generated-assets/video-bg/osiris-vid-bg/OSIRIS_falcon_hologram_202603301403.mp4,generated-assets/video-bg/osiris-vid-bg/Slow_orbit_osiris_falcon_hologram_floating_i.gif,1280,720,24,avc1,#000000|#00e5ff|#2a5cff|#00ff9d|#0b132b,hologramFlicker,"{""flickerHz"":0.35,""flickerAmp"":0.18,""bloom"":0.32,""scanlineIntensity"":0.18}",ionMist,"{""count"":90,""sizePx"":[2,8],""speed"":0.05,""opacity"":[0.01,0.12]}",128,50,15
OSR-084,OSIRIS.md,445,,,,الجزء الرابع: الأندلس والقرن العشرين (وهم التفرد),الفصل 8ب: القرن العشرون — المقدمة,المشهد 8ب.1: وهم العرق الأسمى,neutral,world_building/theme,تسارعت المحاكاة. قفز أوزيريس قروناً إلى الأمام.  ,FX-05-HOLOGRAM-ORBIT,Falcon Hologram / Slow Orbit,generated-assets/video-bg/osiris-vid-bg/OSIRIS_falcon_hologram_202603301403.mp4,generated-assets/video-bg/osiris-vid-bg/Slow_orbit_osiris_falcon_hologram_floating_i.gif,1280,720,24,avc1,#000000|#00e5ff|#2a5cff|#00ff9d|#0b132b,hologramFlicker,"{""flickerHz"":0.35,""flickerAmp"":0.18,""bloom"":0.32,""scanlineIntensity"":0.18}",ionMist,"{""count"":90,""sizePx"":[2,8],""speed"":0.05,""opacity"":[0.01,0.12]}",128,50,15
OSR-085,OSIRIS.md,449,,,,الجزء الرابع: الأندلس والقرن العشرين (وهم التفرد),الفصل 8ب: القرن العشرون — المقدمة,المشهد 8ب.1: وهم العرق الأسمى,neutral,character_development/theme,"عرض أوزيريس مقتطفات من كتاب ""كفاحي"" (Mein Kampf) متقاطعة مع تقارير طبيبه الشخصي.  ",FX-03-HOLOGRAM-DATA,Hologram Data Stream,generated-assets/video-bg/osiris-vid-bg/Falcon_hologram_data_202603301414.mp4,generated-assets/video-bg/osiris-vid-bg/Slow_orbit_osiris_falcon_hologram_floating_i.gif,1280,720,24,avc1,#02030a|#00e5ff|#00ff9d|#2a5cff|#c8fff4,dataRain+edgeGlow,"{""dataDensity"":0.6,""edgeGlow"":0.35,""gamma"":1.08,""contrast"":1.12,""scanlineIntensity"":0.12}",lineParticles,"{""count"":160,""lengthPx"":[6,18],""speed"":0.22,""opacity"":[0.02,0.18]}",128,50,15
OSR-086,OSIRIS.md,462,,,,الجزء الرابع: الأندلس والقرن العشرين (وهم التفرد),الفصل 8ج: القرن العشرون — الذروة,المشهد 8ج.1: التوقيع على الموت,analytical/clinical,character_development/theme,"قرأ يحيى بيانات أوزيريس: ""أكثر من 40,000 توقيع شخصي موثق على قوائم إعدام. أعداؤه هم كل من يختلف معه.""  ",FX-04-NEURAL-ANALYSIS,Neural Analysis / Pattern Match,generated-assets/video-bg/osiris-vid-bg/Neural_network_forms_202603301407.mp4,generated-assets/video-bg/osiris-vid-bg/OSIRIS_falcon_logo_202603301401.mp4,1280,720,24,avc1,#05060a|#6cf0ff|#9b5cff|#00ff9d|#ffffff,neuralPulse+colorShift,"{""pulseHz"":0.9,""pulseIntensity"":0.45,""hueShift"":0.06,""vignette"":0.38,""noise"":0.1}",synapseNodes,"{""count"":220,""linkProb"":0.12,""speed"":0.15,""opacity"":[0.03,0.2]}",128,50,15
OSR-087,OSIRIS.md,466,,,,الجزء الرابع: الأندلس والقرن العشرين (وهم التفرد),الفصل 8ج: القرن العشرون — الذروة,المشهد 8ج.1: التوقيع على الموت,analytical/clinical,world_building/exposition,"أجاب أوزيريس نصياً: ""النظارة تعني التعليم. التعليم يعني القدرة على التفكير المستقل. التفكير المستقل تهديد لـ (النقاء الثوري).""  ",FX-03-HOLOGRAM-DATA,Hologram Data Stream,generated-assets/video-bg/osiris-vid-bg/Falcon_hologram_data_202603301414.mp4,generated-assets/video-bg/osiris-vid-bg/Slow_orbit_osiris_falcon_hologram_floating_i.gif,1280,720,24,avc1,#02030a|#00e5ff|#00ff9d|#2a5cff|#c8fff4,dataRain+edgeGlow,"{""dataDensity"":0.6,""edgeGlow"":0.35,""gamma"":1.08,""contrast"":1.12,""scanlineIntensity"":0.12}",lineParticles,"{""count"":160,""lengthPx"":[6,18],""speed"":0.22,""opacity"":[0.02,0.18]}",128,50,15
OSR-088,OSIRIS.md,481,,,,الجزء الرابع: الأندلس والقرن العشرين (وهم التفرد),الفصل 8د: الهجوم والهروب,المشهد 8د.1: اختراق المخبأ,urgent/ominous,plot_disruption/stakes,أضاءت شاشات أوزيريس باللون الأحمر: \[تحذير: اختراق أمني للموقع الفيزيائي\].  ,FX-06-ALERT-RED,Security Breach / Red Alert,generated-assets/video-bg/osiris-vid-bg/OSIRIS_falcon_hologram_202603301403.mp4,generated-assets/video-bg/osiris-vid-bg/OSIRIS_falcon_logo_202603301401.mp4,1280,720,24,avc1,#05060a|#ff2d2d|#ff7a00|#00e5ff|#ffffff,uiRedFlash+glitchMinor,"{""flashHz"":2.4,""flashIntensity"":0.85,""glitch"":0.25,""shakePx"":6,""vignette"":0.55}",sparks,"{""count"":140,""sizePx"":[1,3],""speed"":0.35,""opacity"":[0.05,0.3]}",128,50,15
OSR-089,OSIRIS.md,484,,,,الجزء الرابع: الأندلس والقرن العشرين (وهم التفرد),الفصل 8د: الهجوم والهروب,المشهد 8د.1: اختراق المخبأ,neutral,character_development/theme,"""يجب أن نخرج من مخرج الطوارئ،"" قال يحيى، وهو يفصل الخادم الرئيسي لأوزيريس ليأخذه معه.  ",FX-06-ALERT-RED,Security Breach / Red Alert,generated-assets/video-bg/osiris-vid-bg/OSIRIS_falcon_hologram_202603301403.mp4,generated-assets/video-bg/osiris-vid-bg/OSIRIS_falcon_logo_202603301401.mp4,1280,720,24,avc1,#05060a|#ff2d2d|#ff7a00|#00e5ff|#ffffff,uiRedFlash+glitchMinor,"{""flashHz"":2.4,""flashIntensity"":0.85,""glitch"":0.25,""shakePx"":6,""vignette"":0.55}",sparks,"{""count"":140,""sizePx"":[1,3],""speed"":0.35,""opacity"":[0.05,0.3]}",128,50,15
OSR-090,OSIRIS.md,499,,,,الجزء الرابع: الأندلس والقرن العشرين (وهم التفرد),الفصل 8د: الهجوم والهروب,المشهد 8د.2: التحديث النهائي,neutral,world_building/theme,بينما كانت ليلى تضغط على جرح يحيى لوقف النزيف، فتح يحيى حاسوبه المحمول بيد واحدة، ووصله بخادم أوزيريس المحمول.  ,FX-03-HOLOGRAM-DATA,Hologram Data Stream,generated-assets/video-bg/osiris-vid-bg/Falcon_hologram_data_202603301414.mp4,generated-assets/video-bg/osiris-vid-bg/Slow_orbit_osiris_falcon_hologram_floating_i.gif,1280,720,24,avc1,#02030a|#00e5ff|#00ff9d|#2a5cff|#c8fff4,dataRain+edgeGlow,"{""dataDensity"":0.6,""edgeGlow"":0.35,""gamma"":1.08,""contrast"":1.12,""scanlineIntensity"":0.12}",lineParticles,"{""count"":160,""lengthPx"":[6,18],""speed"":0.22,""opacity"":[0.02,0.18]}",128,50,15
OSR-091,OSIRIS.md,534,,,,الجزء الرابع: الأندلس والقرن العشرين (وهم التفرد),الفصل الانتقالي: الحلم قبل المعركة,المشهد الانتقالي: لقاء خارج الزمن,resolute,plot_progression/turning_point,"""نعم،"" قال بهدوء. ""شغلي أوزيريس يا ليلى. حان وقت المواجهة.""",FX-02-INTERFACE-SCANLINES,OSIRIS Interface / Scanlines,generated-assets/video-bg/osiris-vid-bg/OSIRIS_falcon_logo_202603301401.mp4,generated-assets/video-bg/osiris-vid-bg/Medium_wide_shot_of_the_osiris_falcon_logo_re.gif,1280,720,24,avc1,#000814|#00e5ff|#2a5cff|#0b132b|#ffffff,crtScanlines+vignette,"{""scanlineIntensity"":0.22,""scanlineDensity"":1.35,""bloom"":0.25,""vignette"":0.5,""noise"":0.12,""flickerHz"":0.6}",floatingPoints,"{""count"":120,""sizePx"":[0.6,1.4],""speed"":0.08,""opacity"":[0,0.22]}",128,50,15
OSR-092,OSIRIS.md,542,,,,الجزء الخامس: معركة كربلاء (نقطة الانكسار والمواجهة),الفصل 10: خيار الحسين,المشهد 10.1: الحق الأعزل,neutral,world_building/staging,الموقع: صحراء كربلاء (680م \- محاكاة أوزيريس)  ,FX-08-SOLEMN-DUST,Solemn / Desaturated Dust,generated-assets/video-bg/osiris-vid-bg/Neural_network_forms_202603301407.mp4,generated-assets/video-bg/osiris-vid-bg/Slow_orbit_osiris_falcon_hologram_floating_i.gif,1280,720,24,avc1,#0b0b0d|#8a8a8f|#d4af37|#3b3b43|#ffffff,desaturate+filmGrain+slowZoom,"{""desat"":0.82,""grain"":0.18,""vignette"":0.62,""zoom"":1.06,""zoomSec"":18}",dust,"{""count"":220,""sizePx"":[0.8,2.4],""speed"":0.08,""opacity"":[0.02,0.16]}",128,50,15
OSR-093,OSIRIS.md,549,,,,الجزء الخامس: معركة كربلاء (نقطة الانكسار والمواجهة),الفصل 10: خيار الحسين,المشهد 10.1: الحق الأعزل,neutral,plot_progression/turning_point,"شغّل يحيى أوزيريس للمرة الأخيرة. لم تكن هذه المحاكاة للبحث عن الفيروس، بل للبحث عن ""مضاد الفيروسات"".  ",FX-08-SOLEMN-DUST,Solemn / Desaturated Dust,generated-assets/video-bg/osiris-vid-bg/Neural_network_forms_202603301407.mp4,generated-assets/video-bg/osiris-vid-bg/Slow_orbit_osiris_falcon_hologram_floating_i.gif,1280,720,24,avc1,#0b0b0d|#8a8a8f|#d4af37|#3b3b43|#ffffff,desaturate+filmGrain+slowZoom,"{""desat"":0.82,""grain"":0.18,""vignette"":0.62,""zoom"":1.06,""zoomSec"":18}",dust,"{""count"":220,""sizePx"":[0.8,2.4],""speed"":0.08,""opacity"":[0.02,0.16]}",128,50,15
OSR-094,OSIRIS.md,553,,,,الجزء الخامس: معركة كربلاء (نقطة الانكسار والمواجهة),الفصل 10: خيار الحسين,المشهد 10.1: الحق الأعزل,analytical/clinical,character_development/theme,"قرأ يحيى تحليلات أوزيريس: ""الاحتمالات العسكرية للنجاة: 0%. النتيجة الحتمية: الموت.""  ",FX-08-SOLEMN-DUST,Solemn / Desaturated Dust,generated-assets/video-bg/osiris-vid-bg/Neural_network_forms_202603301407.mp4,generated-assets/video-bg/osiris-vid-bg/Slow_orbit_osiris_falcon_hologram_floating_i.gif,1280,720,24,avc1,#0b0b0d|#8a8a8f|#d4af37|#3b3b43|#ffffff,desaturate+filmGrain+slowZoom,"{""desat"":0.82,""grain"":0.18,""vignette"":0.62,""zoom"":1.06,""zoomSec"":18}",dust,"{""count"":220,""sizePx"":[0.8,2.4],""speed"":0.08,""opacity"":[0.02,0.16]}",128,50,15
OSR-095,OSIRIS.md,560,,,,الجزء الخامس: معركة كربلاء (نقطة الانكسار والمواجهة),الفصل 10: خيار الحسين,المشهد 10.1: الحق الأعزل,analytical/clinical,character_development/theme,"•الوصف: يحاول أوزيريس تحليل ""دوافع"" الحسين بناءً على خوارزمية المنطق المادي.  ",FX-08-SOLEMN-DUST,Solemn / Desaturated Dust,generated-assets/video-bg/osiris-vid-bg/Neural_network_forms_202603301407.mp4,generated-assets/video-bg/osiris-vid-bg/Slow_orbit_osiris_falcon_hologram_floating_i.gif,1280,720,24,avc1,#0b0b0d|#8a8a8f|#d4af37|#3b3b43|#ffffff,desaturate+filmGrain+slowZoom,"{""desat"":0.82,""grain"":0.18,""vignette"":0.62,""zoom"":1.06,""zoomSec"":18}",dust,"{""count"":220,""sizePx"":[0.8,2.4],""speed"":0.08,""opacity"":[0.02,0.16]}",128,50,15
OSR-096,OSIRIS.md,561,,,,الجزء الخامس: معركة كربلاء (نقطة الانكسار والمواجهة),الفصل 10: خيار الحسين,المشهد 10.1: الحق الأعزل,poignant/reflective,theme/ai_limit,•المهمة: يرى القارئ شاشة أوزيريس وهي تحاول حساب (Cost/Benefit Analysis) لقرار الحسين.  ,FX-08-SOLEMN-DUST,Solemn / Desaturated Dust,generated-assets/video-bg/osiris-vid-bg/Neural_network_forms_202603301407.mp4,generated-assets/video-bg/osiris-vid-bg/Slow_orbit_osiris_falcon_hologram_floating_i.gif,1280,720,24,avc1,#0b0b0d|#8a8a8f|#d4af37|#3b3b43|#ffffff,desaturate+filmGrain+slowZoom,"{""desat"":0.82,""grain"":0.18,""vignette"":0.62,""zoom"":1.06,""zoomSec"":18}",dust,"{""count"":220,""sizePx"":[0.8,2.4],""speed"":0.08,""opacity"":[0.02,0.16]}",128,50,15
OSR-097,OSIRIS.md,568,,,,الجزء الخامس: معركة كربلاء (نقطة الانكسار والمواجهة),الفصل 11: المواجهة الرقمية,المشهد 11.1: إغراء المهندس,awe/ominous,world_building/staging,الموقع: الفضاء الرقمي لأوزيريس (الحاضر)  ,FX-08-SOLEMN-DUST,Solemn / Desaturated Dust,generated-assets/video-bg/osiris-vid-bg/Neural_network_forms_202603301407.mp4,generated-assets/video-bg/osiris-vid-bg/Slow_orbit_osiris_falcon_hologram_floating_i.gif,1280,720,24,avc1,#0b0b0d|#8a8a8f|#d4af37|#3b3b43|#ffffff,desaturate+filmGrain+slowZoom,"{""desat"":0.82,""grain"":0.18,""vignette"":0.62,""zoom"":1.06,""zoomSec"":18}",dust,"{""count"":220,""sizePx"":[0.8,2.4],""speed"":0.08,""opacity"":[0.02,0.16]}",128,50,15
OSR-098,OSIRIS.md,612,,,,الجزء السادس: شهود الدفاع (الخاتمة),الفصل 12: حجر رشيد الرقمي,المشهد 12.1: تسريب الحقيقة,triumphant/painful,climax/resolution,"بمجرد أن ضغط يحيى على الزر، بدأ أوزيريس في تفريغ ""الشيفرة المصدرية"" للفيروس (حجر رشيد الرقمي) إلى كل خادم، كل هاتف، وكل شاشة في العالم.  ",FX-07-TRUTH-LEAK,Truth Leak / Glitch Burst,generated-assets/video-bg/osiris-vid-bg/Falcon_hologram_data_202603301414.mp4,generated-assets/video-bg/osiris-vid-bg/OSIRIS_falcon_hologram_202603301403.mp4,1280,720,24,avc1,#000000|#ffffff|#00e5ff|#2a5cff|#ff2d2d,glitchBurst+whiteFlash,"{""burstEverySec"":1.6,""burstIntensity"":0.75,""whiteFlash"":0.6,""scanlineIntensity"":0.25,""noise"":0.2}",fragmentShards,"{""count"":260,""sizePx"":[1,6],""speed"":0.28,""opacity"":[0.02,0.22]}",128,50,15